Time,Temperature
09:00:00,19.740000000000002
09:00:01,19.915
09:00:02,19.915
09:00:03,19.68
09:00:04,19.68
09:00:05,19.68
09:00:06,19.68
09:00:07,19.68
09:00:08,19.67
09:00:09,19.67
09:00:10,19.67
09:00:11,19.67
09:00:12,19.67
09:00:13,19.67
09:00:14,19.68
09:00:15,19.79
09:00:16,19.9
09:00:17,19.92
09:00:18,19.799999999999997
09:00:19,19.689999999999998
09:00:20,19.689999999999998
09:00:21,19.689999999999998
09:00:22,19.689999999999998
09:00:23,19.689999999999998
09:00:24,19.689999999999998
09:00:25,19.689999999999998
09:00:26,19.689999999999998
09:00:27,19.7
09:00:28,19.689999999999998
09:00:29,19.689999999999998
09:00:30,19.689999999999998
09:00:31,19.7
09:00:32,19.7
09:00:33,19.705
09:00:34,19.705
09:00:35,19.705
09:00:36,19.7
09:00:37,19.7
09:00:38,19.71
09:00:39,19.740000000000002
09:00:40,19.740000000000002
09:00:41,19.740000000000002
09:00:42,19.71
09:00:43,19.71
09:00:44,19.71
09:00:45,19.71
09:00:46,19.71
09:00:47,19.71
09:00:48,19.799999999999997
09:00:49,19.799999999999997
09:00:50,19.799999999999997
09:00:51,19.755
09:00:52,19.755
09:00:53,19.755
09:00:54,19.81
09:00:55,19.82
09:00:56,19.82
09:00:57,19.83
09:00:58,19.82
09:00:59,19.83
09:01:00,19.82
09:01:01,19.83
09:01:02,19.83
09:01:03,19.83
09:01:04,19.84
09:01:05,19.85
09:01:06,19.85
09:01:07,19.84
09:01:08,19.83
09:01:09,19.83
09:01:10,19.85
09:01:11,19.86
09:01:12,19.93
09:01:13,19.92
09:01:14,19.97
09:01:15,19.85
09:01:16,19.85
09:01:17,19.83
09:01:18,19.83
09:01:19,19.84
09:01:20,19.86
09:01:21,19.86
09:01:22,19.86
09:01:23,19.87
09:01:24,19.87
09:01:25,19.880000000000003
09:01:26,19.880000000000003
09:01:27,19.990000000000002
09:01:28,19.880000000000003
09:01:29,19.87
09:01:30,19.84
09:01:31,19.84
09:01:32,19.86
09:01:33,19.86
09:01:34,19.86
09:01:35,19.87
09:01:36,19.98
09:01:37,19.98
09:01:38,19.87
09:01:39,19.87
09:01:40,19.89
09:01:41,19.91
09:01:42,19.87
09:01:43,19.87
09:01:44,19.880000000000003
09:01:45,19.880000000000003
09:01:46,19.87
09:01:47,19.85
09:01:48,19.85
09:01:49,19.85
09:01:50,19.86
09:01:51,19.89
09:01:52,19.89
09:01:53,19.89
09:01:54,19.86
09:01:55,19.86
09:01:56,19.89
09:01:57,19.91
09:01:58,19.91
09:01:59,19.945
09:02:00,19.945
09:02:01,19.945
09:02:02,19.92
09:02:03,20.0
09:02:04,20.009999999999998
09:02:05,20.009999999999998
09:02:06,19.880000000000003
09:02:07,19.880000000000003
09:02:08,19.91
09:02:09,19.91
09:02:10,19.91
09:02:11,19.91
09:02:12,19.939999999999998
09:02:13,19.939999999999998
09:02:14,19.939999999999998
09:02:15,19.93
09:02:16,19.98
09:02:17,19.97
09:02:18,19.97
09:02:19,19.95
09:02:20,19.95
09:02:21,19.95
09:02:22,19.955
09:02:23,20.035
09:02:24,20.035
09:02:25,19.955
09:02:26,19.955
09:02:27,19.96
09:02:28,19.955
09:02:29,19.955
09:02:30,19.93
09:02:31,19.96
09:02:32,19.96
09:02:33,19.96
09:02:34,19.975
09:02:35,19.96
09:02:36,19.96
09:02:37,19.975
09:02:38,19.99
09:02:39,19.99
09:02:40,20.0
09:02:41,20.01
09:02:42,20.01
09:02:43,20.0
09:02:44,20.009999999999998
09:02:45,20.009999999999998
09:02:46,19.93
09:02:47,19.92
09:02:48,19.92
09:02:49,20.0
09:02:50,20.009999999999998
09:02:51,20.009999999999998
09:02:52,19.95
09:02:53,19.95
09:02:54,19.95
09:02:55,20.01
09:02:56,20.020000000000003
09:02:57,20.020000000000003
09:02:58,20.020000000000003
09:02:59,20.020000000000003
09:03:00,20.11
09:03:01,20.11
09:03:02,20.115000000000002
09:03:03,20.025
09:03:04,20.025
09:03:05,20.020000000000003
09:03:06,20.020000000000003
09:03:07,20.020000000000003
09:03:08,20.020000000000003
09:03:09,20.020000000000003
09:03:10,20.020000000000003
09:03:11,20.025
09:03:12,20.025
09:03:13,20.035
09:03:14,20.035
09:03:15,20.035
09:03:16,20.025
09:03:17,20.025
09:03:18,20.025
09:03:19,20.064999999999998
09:03:20,20.08
09:03:21,20.08
09:03:22,20.07
09:03:23,20.07
09:03:24,20.07
09:03:25,20.05
09:03:26,20.060000000000002
09:03:27,20.060000000000002
09:03:28,20.060000000000002
09:03:29,20.05
09:03:30,20.05
09:03:31,20.055
09:03:32,20.055
09:03:33,20.055
09:03:34,20.055
09:03:35,20.075
09:03:36,20.075
09:03:37,20.07
09:03:38,20.060000000000002
09:03:39,20.060000000000002
09:03:40,20.064999999999998
09:03:41,20.075
09:03:42,20.075
09:03:43,20.1
09:03:44,20.09
09:03:45,20.09
09:03:46,20.060000000000002
09:03:47,20.060000000000002
09:03:48,20.060000000000002
09:03:49,20.064999999999998
09:03:50,20.075
09:03:51,20.075
09:03:52,20.075
09:03:53,20.075
09:03:54,20.075
09:03:55,20.075
09:03:56,20.075
09:03:57,20.075
09:03:58,20.09
09:03:59,20.11
09:04:00,20.11
09:04:01,20.095
09:04:02,20.08
09:04:03,20.08
09:04:04,20.095
09:04:05,20.11
09:04:06,20.11
09:04:07,20.119999999999997
09:04:08,20.105
09:04:09,20.105
09:04:10,20.105
09:04:11,20.119999999999997
09:04:12,20.119999999999997
09:04:13,20.11
09:04:14,20.11
09:04:15,20.11
09:04:16,20.119999999999997
09:04:17,20.119999999999997
09:04:18,20.119999999999997
09:04:19,20.13
09:04:20,20.14
09:04:21,20.14
09:04:22,20.130000000000003
09:04:23,20.119999999999997
09:04:24,20.119999999999997
09:04:25,20.119999999999997
09:04:26,20.130000000000003
09:04:27,20.130000000000003
09:04:28,20.130000000000003
09:04:29,20.130000000000003
09:04:30,20.130000000000003
09:04:31,20.14
09:04:32,20.14
09:04:33,20.14
09:04:34,20.145000000000003
09:04:35,20.134999999999998
09:04:36,20.134999999999998
09:04:37,20.119999999999997
09:04:38,20.119999999999997
09:04:39,20.119999999999997
09:04:40,20.13
09:04:41,20.14
09:04:42,20.14
09:04:43,20.145000000000003
09:04:44,20.155
09:04:45,20.155
09:04:46,20.15
09:04:47,20.14
09:04:48,20.14
09:04:49,20.14
09:04:50,20.13
09:04:51,20.13
09:04:52,20.134999999999998
09:04:53,20.155
09:04:54,20.155
09:04:55,20.17
09:04:56,20.16
09:04:57,20.16
09:04:58,20.16
09:04:59,20.174999999999997
09:05:00,20.174999999999997
09:05:01,20.16
09:05:02,20.155
09:05:03,20.155
09:05:04,20.155
09:05:05,20.155
09:05:06,20.155
09:05:07,20.17
09:05:08,20.174999999999997
09:05:09,20.174999999999997
09:05:10,20.174999999999997
09:05:11,20.174999999999997
09:05:12,20.174999999999997
09:05:13,20.174999999999997
09:05:14,20.189999999999998
09:05:15,20.189999999999998
09:05:16,20.189999999999998
09:05:17,20.189999999999998
09:05:18,20.189999999999998
09:05:19,20.189999999999998
09:05:20,20.2
09:05:21,20.2
09:05:22,20.2
09:05:23,20.189999999999998
09:05:24,20.189999999999998
09:05:25,20.189999999999998
09:05:26,20.2
09:05:27,20.2
09:05:28,20.21
09:05:29,20.200000000000003
09:05:30,20.200000000000003
09:05:31,20.189999999999998
09:05:32,20.189999999999998
09:05:33,20.189999999999998
09:05:34,20.200000000000003
09:05:35,20.21
09:05:36,20.21
09:05:37,20.22
09:05:38,20.259999999999998
09:05:39,20.259999999999998
09:05:40,20.259999999999998
09:05:41,20.259999999999998
09:05:42,20.259999999999998
09:05:43,20.259999999999998
09:05:44,20.25
09:05:45,20.25
09:05:46,20.25
09:05:47,20.25
09:05:48,20.25
09:05:49,20.25
09:05:50,20.27
09:05:51,20.27
09:05:52,20.27
09:05:53,20.259999999999998
09:05:54,20.259999999999998
09:05:55,20.259999999999998
09:05:56,20.27
09:05:57,20.27
09:05:58,20.27
09:05:59,20.25
09:06:00,20.25
09:06:01,20.25
09:06:02,20.27
09:06:03,20.27
09:06:04,20.27
09:06:05,20.259999999999998
09:06:06,20.259999999999998
09:06:07,20.259999999999998
09:06:08,20.29
09:06:09,20.29
09:06:10,20.29
09:06:11,20.28
09:06:12,20.28
09:06:13,20.28
09:06:14,20.29
09:06:15,20.29
09:06:16,20.29
09:06:17,20.28
09:06:18,20.28
09:06:19,20.28
09:06:20,20.28
09:06:21,20.28
09:06:22,20.28
09:06:23,20.29
09:06:24,20.29
09:06:25,20.29
09:06:26,20.29
09:06:27,20.29
09:06:28,20.29
09:06:29,20.299999999999997
09:06:30,20.299999999999997
09:06:31,20.299999999999997
09:06:32,20.299999999999997
09:06:33,20.299999999999997
09:06:34,20.299999999999997
09:06:35,20.29
09:06:36,20.29
09:06:37,20.29
09:06:38,20.299999999999997
09:06:39,20.299999999999997
09:06:40,20.299999999999997
09:06:41,20.31
09:06:42,20.31
09:06:43,20.31
09:06:44,20.299999999999997
09:06:45,20.299999999999997
09:06:46,20.299999999999997
09:06:47,20.299999999999997
09:06:48,20.299999999999997
09:06:49,20.299999999999997
09:06:50,20.31
09:06:51,20.31
09:06:52,20.31
09:06:53,20.31
09:06:54,20.38
09:06:55,20.38
09:06:56,20.369999999999997
09:06:57,20.369999999999997
09:06:58,20.369999999999997
09:06:59,20.4
09:07:00,20.4
09:07:01,20.4
09:07:02,20.38
09:07:03,20.38
09:07:04,20.38
09:07:05,20.41
09:07:06,20.41
09:07:07,20.41
09:07:08,20.4
09:07:09,20.4
09:07:10,20.4
09:07:11,20.380000000000003
09:07:12,20.380000000000003
09:07:13,20.380000000000003
09:07:14,20.41
09:07:15,20.41
09:07:16,20.41
09:07:17,20.39
09:07:18,20.39
09:07:19,20.39
09:07:20,20.4
09:07:21,20.4
09:07:22,20.4
09:07:23,20.39
09:07:24,20.39
09:07:25,20.39
09:07:26,20.4
09:07:27,20.4
09:07:28,20.4
09:07:29,20.41
09:07:30,20.41
09:07:31,20.41
09:07:32,20.405
09:07:33,20.405
09:07:34,20.405
09:07:35,20.4
09:07:36,20.4
09:07:37,20.4
09:07:38,20.39
09:07:39,20.39
09:07:40,20.39
09:07:41,20.4
09:07:42,20.4
09:07:43,20.4
09:07:44,20.415
09:07:45,20.415
09:07:46,20.415
09:07:47,20.405
09:07:48,20.405
09:07:49,20.405
09:07:50,20.4
09:07:51,20.4
09:07:52,20.4
09:07:53,20.41
09:07:54,20.41
09:07:55,20.41
09:07:56,20.41
09:07:57,20.41
09:07:58,20.41
09:07:59,20.41
09:08:00,20.41
09:08:01,20.41
09:08:02,20.44
09:08:03,20.44
09:08:04,20.44
09:08:05,20.415
09:08:06,20.415
09:08:07,20.415
09:08:08,20.450000000000003
09:08:09,20.450000000000003
09:08:10,20.450000000000003
09:08:11,20.415
09:08:12,20.415
09:08:13,20.415
09:08:14,20.439999999999998
09:08:15,20.439999999999998
09:08:16,20.439999999999998
09:08:17,20.41
09:08:18,20.41
09:08:19,20.41
09:08:20,20.415
09:08:21,20.415
09:08:22,20.415
09:08:23,20.425
09:08:24,20.425
09:08:25,20.425
09:08:26,20.439999999999998
09:08:27,20.439999999999998
09:08:28,20.439999999999998
09:08:29,20.42
09:08:30,20.42
09:08:31,20.42
09:08:32,20.415
09:08:33,20.415
09:08:34,20.415
09:08:35,20.44
09:08:36,20.44
09:08:37,20.44
09:08:38,20.425
09:08:39,20.425
09:08:40,20.425
09:08:41,20.439999999999998
09:08:42,20.439999999999998
09:08:43,20.439999999999998
09:08:44,20.46
09:08:45,20.46
09:08:46,20.46
09:08:47,20.439999999999998
09:08:48,20.439999999999998
09:08:49,20.439999999999998
09:08:50,20.45
09:08:51,20.45
09:08:52,20.45
09:08:53,20.435000000000002
09:08:54,20.435000000000002
09:08:55,20.435000000000002
09:08:56,20.439999999999998
09:08:57,20.439999999999998
09:08:58,20.439999999999998
09:08:59,20.45
09:09:00,20.45
09:09:01,20.45
09:09:02,20.45
09:09:03,20.45
09:09:04,20.45
09:09:05,20.45
09:09:06,20.45
09:09:07,20.45
09:09:08,20.46
09:09:09,20.46
09:09:10,20.46
09:09:11,20.46
09:09:12,20.46
09:09:13,20.46
09:09:14,20.46
09:09:15,20.46
09:09:16,20.46
09:09:17,20.47
09:09:18,20.47
09:09:19,20.47
09:09:20,20.45
09:09:21,20.45
09:09:22,20.45
09:09:23,20.47
09:09:24,20.47
09:09:25,20.47
09:09:26,20.485
09:09:27,20.485
09:09:28,20.485
09:09:29,20.48
09:09:30,20.48
09:09:31,20.48
09:09:32,20.485
09:09:33,20.485
09:09:34,20.485
09:09:35,20.47
09:09:36,20.47
09:09:37,20.47
09:09:38,20.495
09:09:39,20.495
09:09:40,20.495
09:09:41,20.46
09:09:42,20.46
09:09:43,20.46
09:09:44,20.485
09:09:45,20.485
09:09:46,20.485
09:09:47,20.495
09:09:48,20.495
09:09:49,20.495
09:09:50,20.5
09:09:51,20.5
09:09:52,20.5
09:09:53,20.48
09:09:54,20.48
09:09:55,20.48
09:09:56,20.485
09:09:57,20.485
09:09:58,20.485
09:09:59,20.485
09:10:00,20.485
09:10:01,20.485
09:10:02,20.485
09:10:03,20.485
09:10:04,20.485
09:10:05,20.485
09:10:06,20.485
09:10:07,20.485
09:10:08,20.490000000000002
09:10:09,20.490000000000002
09:10:10,20.490000000000002
09:10:11,20.509999999999998
09:10:12,20.509999999999998
09:10:13,20.509999999999998
09:10:14,20.485
09:10:15,20.485
09:10:16,20.485
09:10:17,20.515
09:10:18,20.515
09:10:19,20.515
09:10:20,20.509999999999998
09:10:21,20.509999999999998
09:10:22,20.509999999999998
09:10:23,20.485
09:10:24,20.485
09:10:25,20.485
09:10:26,20.5
09:10:27,20.5
09:10:28,20.5
09:10:29,20.495
09:10:30,20.495
09:10:31,20.495
09:10:32,20.505000000000003
09:10:33,20.505000000000003
09:10:34,20.505000000000003
09:10:35,20.475
09:10:36,20.475
09:10:37,20.475
09:10:38,20.509999999999998
09:10:39,20.509999999999998
09:10:40,20.509999999999998
09:10:41,20.509999999999998
09:10:42,20.509999999999998
09:10:43,20.509999999999998
09:10:44,20.509999999999998
09:10:45,20.509999999999998
09:10:46,20.509999999999998
09:10:47,20.53
09:10:48,20.53
09:10:49,20.53
09:10:50,20.520000000000003
09:10:51,20.520000000000003
09:10:52,20.520000000000003
09:10:53,20.515
09:10:54,20.515
09:10:55,20.515
09:10:56,20.495
09:10:57,20.495
09:10:58,20.495
09:10:59,20.509999999999998
09:11:00,20.509999999999998
09:11:01,20.509999999999998
09:11:02,20.495
09:11:03,20.495
09:11:04,20.495
09:11:05,20.52
09:11:06,20.52
09:11:07,20.52
09:11:08,20.520000000000003
09:11:09,20.520000000000003
09:11:10,20.520000000000003
09:11:11,20.52
09:11:12,20.52
09:11:13,20.52
09:11:14,20.52
09:11:15,20.52
09:11:16,20.52
09:11:17,20.53
09:11:18,20.53
09:11:19,20.53
09:11:20,20.55
09:11:21,20.55
09:11:22,20.55
09:11:23,20.54
09:11:24,20.54
09:11:25,20.54
09:11:26,20.54
09:11:27,20.54
09:11:28,20.54
09:11:29,20.55
09:11:30,20.55
09:11:31,20.55
09:11:32,20.55
09:11:33,20.55
09:11:34,20.55
09:11:35,20.54
09:11:36,20.54
09:11:37,20.54
09:11:38,20.54
09:11:39,20.54
09:11:40,20.54
09:11:41,20.55
09:11:42,20.55
09:11:43,20.55
09:11:44,20.560000000000002
09:11:45,20.560000000000002
09:11:46,20.560000000000002
09:11:47,20.55
09:11:48,20.55
09:11:49,20.55
09:11:50,20.55
09:11:51,20.55
09:11:52,20.55
09:11:53,20.55
09:11:54,20.55
09:11:55,20.55
09:11:56,20.54
09:11:57,20.54
09:11:58,20.54
09:11:59,20.55
09:12:00,20.55
09:12:01,20.55
09:12:02,20.54
09:12:03,20.54
09:12:04,20.54
09:12:05,20.55
09:12:06,20.55
09:12:07,20.55
09:12:08,20.55
09:12:09,20.55
09:12:10,20.55
09:12:11,20.560000000000002
09:12:12,20.560000000000002
09:12:13,20.560000000000002
09:12:14,20.57
09:12:15,20.57
09:12:16,20.57
09:12:17,20.560000000000002
09:12:18,20.560000000000002
09:12:19,20.560000000000002
09:12:20,20.54
09:12:21,20.54
09:12:22,20.54
09:12:23,20.560000000000002
09:12:24,20.560000000000002
09:12:25,20.560000000000002
09:12:26,20.54
09:12:27,20.54
09:12:28,20.54
09:12:29,20.57
09:12:30,20.57
09:12:31,20.57
09:12:32,20.560000000000002
09:12:33,20.560000000000002
09:12:34,20.560000000000002
09:12:35,20.57
09:12:36,20.57
09:12:37,20.57
09:12:38,20.58
09:12:39,20.58
09:12:40,20.58
09:12:41,20.58
09:12:42,20.58
09:12:43,20.58
09:12:44,20.560000000000002
09:12:45,20.560000000000002
09:12:46,20.560000000000002
09:12:47,20.57
09:12:48,20.57
09:12:49,20.57
09:12:50,20.57
09:12:51,20.57
09:12:52,20.57
09:12:53,20.58
09:12:54,20.58
09:12:55,20.58
09:12:56,20.59
09:12:57,20.59
09:12:58,20.59
09:12:59,20.57
09:13:00,20.57
09:13:01,20.57
09:13:02,20.57
09:13:03,20.57
09:13:04,20.57
09:13:05,20.59
09:13:06,20.59
09:13:07,20.59
09:13:08,20.6
09:13:09,20.6
09:13:10,20.6
09:13:11,20.59
09:13:12,20.59
09:13:13,20.59
09:13:14,20.59
09:13:15,20.59
09:13:16,20.59
09:13:17,20.59
09:13:18,20.59
09:13:19,20.59
09:13:20,20.58
09:13:21,20.58
09:13:22,20.58
09:13:23,20.59
09:13:24,20.59
09:13:25,20.59
09:13:26,20.61
09:13:27,20.61
09:13:28,20.61
09:13:29,20.59
09:13:30,20.59
09:13:31,20.59
09:13:32,20.6
09:13:33,20.6
09:13:34,20.6
09:13:35,20.59
09:13:36,20.59
09:13:37,20.59
09:13:38,20.59
09:13:39,20.59
09:13:40,20.59
09:13:41,20.59
09:13:42,20.59
09:13:43,20.59
09:13:44,20.6
09:13:45,20.6
09:13:46,20.6
09:13:47,20.61
09:13:48,20.61
09:13:49,20.61
09:13:50,20.619999999999997
09:13:51,20.619999999999997
09:13:52,20.619999999999997
09:13:53,20.619999999999997
09:13:54,20.619999999999997
09:13:55,20.619999999999997
09:13:56,20.619999999999997
09:13:57,20.619999999999997
09:13:58,20.619999999999997
09:13:59,20.6
09:14:00,20.6
09:14:01,20.6
09:14:02,20.61
09:14:03,20.61
09:14:04,20.61
09:14:05,20.61
09:14:06,20.61
09:14:07,20.61
09:14:08,20.61
09:14:09,20.61
09:14:10,20.61
09:14:11,20.619999999999997
09:14:12,20.619999999999997
09:14:13,20.619999999999997
09:14:14,20.6
09:14:15,20.6
09:14:16,20.6
09:14:17,20.619999999999997
09:14:18,20.619999999999997
09:14:19,20.619999999999997
09:14:20,20.619999999999997
09:14:21,20.619999999999997
09:14:22,20.619999999999997
09:14:23,20.63
09:14:24,20.63
09:14:25,20.63
09:14:26,20.64
09:14:27,20.64
09:14:28,20.64
09:14:29,20.63
09:14:30,20.63
09:14:31,20.63
09:14:32,20.63
09:14:33,20.63
09:14:34,20.63
09:14:35,20.61
09:14:36,20.61
09:14:37,20.61
09:14:38,20.63
09:14:39,20.63
09:14:40,20.63
09:14:41,20.63
09:14:42,20.63
09:14:43,20.63
09:14:44,20.63
09:14:45,20.63
09:14:46,20.63
09:14:47,20.619999999999997
09:14:48,20.619999999999997
09:14:49,20.619999999999997
09:14:50,20.65
09:14:51,20.65
09:14:52,20.65
09:14:53,20.63
09:14:54,20.63
09:14:55,20.63
09:14:56,20.63
09:14:57,20.63
09:14:58,20.63
09:14:59,20.64
09:15:00,20.64
09:15:01,20.64
09:15:02,20.63
09:15:03,20.63
09:15:04,20.63
09:15:05,20.63
09:15:06,20.63
09:15:07,20.63
09:15:08,20.65
09:15:09,20.65
09:15:10,20.65
09:15:11,20.67
09:15:12,20.67
09:15:13,20.67
09:15:14,20.67
09:15:15,20.67
09:15:16,20.67
09:15:17,20.65
09:15:18,20.65
09:15:19,20.65
09:15:20,20.64
09:15:21,20.64
09:15:22,20.64
09:15:23,20.67
09:15:24,20.67
09:15:25,20.67
09:15:26,20.64
09:15:27,20.64
09:15:28,20.64
09:15:29,20.64
09:15:30,20.64
09:15:31,20.64
09:15:32,20.64
09:15:33,20.64
09:15:34,20.64
09:15:35,20.66
09:15:36,20.66
09:15:37,20.66
09:15:38,20.66
09:15:39,20.66
09:15:40,20.66
09:15:41,20.66
09:15:42,20.66
09:15:43,20.66
09:15:44,20.66
09:15:45,20.66
09:15:46,20.66
09:15:47,20.67
09:15:48,20.67
09:15:49,20.67
09:15:50,20.67
09:15:51,20.67
09:15:52,20.67
09:15:53,20.67
09:15:54,20.67
09:15:55,20.67
09:15:56,20.67
09:15:57,20.67
09:15:58,20.67
09:15:59,20.67
09:16:00,20.67
09:16:01,20.67
09:16:02,20.67
09:16:03,20.67
09:16:04,20.67
09:16:05,20.67
09:16:06,20.67
09:16:07,20.67
09:16:08,20.67
09:16:09,20.67
09:16:10,20.67
09:16:11,20.67
09:16:12,20.67
09:16:13,20.67
09:16:14,20.68
09:16:15,20.68
09:16:16,20.68
09:16:17,20.66
09:16:18,20.66
09:16:19,20.66
09:16:20,20.68
09:16:21,20.68
09:16:22,20.68
09:16:23,20.65
09:16:24,20.65
09:16:25,20.65
09:16:26,20.67
09:16:27,20.67
09:16:28,20.67
09:16:29,20.68
09:16:30,20.68
09:16:31,20.68
09:16:32,20.69
09:16:33,20.69
09:16:34,20.69
09:16:35,20.67
09:16:36,20.67
09:16:37,20.67
09:16:38,20.67
09:16:39,20.67
09:16:40,20.67
09:16:41,20.700000000000003
09:16:42,20.700000000000003
09:16:43,20.700000000000003
09:16:44,20.69
09:16:45,20.69
09:16:46,20.69
09:16:47,20.68
09:16:48,20.68
09:16:49,20.68
09:16:50,20.69
09:16:51,20.69
09:16:52,20.69
09:16:53,20.68
09:16:54,20.68
09:16:55,20.68
09:16:56,20.69
09:16:57,20.69
09:16:58,20.69
09:16:59,20.68
09:17:00,20.68
09:17:01,20.68
09:17:02,20.69
09:17:03,20.69
09:17:04,20.69
09:17:05,20.69
09:17:06,20.69
09:17:07,20.69
09:17:08,20.700000000000003
09:17:09,20.700000000000003
09:17:10,20.700000000000003
09:17:11,20.68
09:17:12,20.68
09:17:13,20.68
09:17:14,20.68
09:17:15,20.68
09:17:16,20.68
09:17:17,20.700000000000003
09:17:18,20.700000000000003
09:17:19,20.700000000000003
09:17:20,20.68
09:17:21,20.68
09:17:22,20.68
09:17:23,20.700000000000003
09:17:24,20.700000000000003
09:17:25,20.700000000000003
09:17:26,20.71
09:17:27,20.71
09:17:28,20.71
09:17:29,20.69
09:17:30,20.69
09:17:31,20.69
09:17:32,20.71
09:17:33,20.71
09:17:34,20.71
09:17:35,20.700000000000003
09:17:36,20.700000000000003
09:17:37,20.700000000000003
09:17:38,20.71
09:17:39,20.71
09:17:40,20.71
09:17:41,20.700000000000003
09:17:42,20.700000000000003
09:17:43,20.700000000000003
09:17:44,20.700000000000003
09:17:45,20.700000000000003
09:17:46,20.700000000000003
09:17:47,20.71
09:17:48,20.71
09:17:49,20.71
09:17:50,20.700000000000003
09:17:51,20.700000000000003
09:17:52,20.700000000000003
09:17:53,20.700000000000003
09:17:54,20.700000000000003
09:17:55,20.700000000000003
09:17:56,20.71
09:17:57,20.71
09:17:58,20.71
09:17:59,20.71
09:18:00,20.71
09:18:01,20.71
09:18:02,20.700000000000003
09:18:03,20.700000000000003
09:18:04,20.700000000000003
09:18:05,20.71
09:18:06,20.71
09:18:07,20.71
09:18:08,20.72
09:18:09,20.72
09:18:10,20.72
09:18:11,20.72
09:18:12,20.72
09:18:13,20.72
09:18:14,20.73
09:18:15,20.73
09:18:16,20.73
09:18:17,20.72
09:18:18,20.72
09:18:19,20.72
09:18:20,20.72
09:18:21,20.72
09:18:22,20.72
09:18:23,20.71
09:18:24,20.71
09:18:25,20.71
09:18:26,20.73
09:18:27,20.73
09:18:28,20.73
09:18:29,20.72
09:18:30,20.72
09:18:31,20.72
09:18:32,20.72
09:18:33,20.72
09:18:34,20.72
09:18:35,20.740000000000002
09:18:36,20.740000000000002
09:18:37,20.740000000000002
09:18:38,20.73
09:18:39,20.73
09:18:40,20.73
09:18:41,20.72
09:18:42,20.72
09:18:43,20.72
09:18:44,20.73
09:18:45,20.73
09:18:46,20.73
09:18:47,20.73
09:18:48,20.73
09:18:49,20.73
09:18:50,20.72
09:18:51,20.72
09:18:52,20.72
09:18:53,20.73
09:18:54,20.73
09:18:55,20.73
09:18:56,20.73
09:18:57,20.73
09:18:58,20.73
09:18:59,20.73
09:19:00,20.73
09:19:01,20.73
09:19:02,20.740000000000002
09:19:03,20.740000000000002
09:19:04,20.740000000000002
09:19:05,20.73
09:19:06,20.73
09:19:07,20.73
09:19:08,20.73
09:19:09,20.73
09:19:10,20.73
09:19:11,20.740000000000002
09:19:12,20.740000000000002
09:19:13,20.740000000000002
09:19:14,20.759999999999998
09:19:15,20.759999999999998
09:19:16,20.759999999999998
09:19:17,20.72
09:19:18,20.72
09:19:19,20.72
09:19:20,20.740000000000002
09:19:21,20.740000000000002
09:19:22,20.740000000000002
09:19:23,20.740000000000002
09:19:24,20.740000000000002
09:19:25,20.740000000000002
09:19:26,20.740000000000002
09:19:27,20.740000000000002
09:19:28,20.740000000000002
09:19:29,20.740000000000002
09:19:30,20.740000000000002
09:19:31,20.740000000000002
09:19:32,20.740000000000002
09:19:33,20.740000000000002
09:19:34,20.740000000000002
09:19:35,20.740000000000002
09:19:36,20.740000000000002
09:19:37,20.740000000000002
09:19:38,20.740000000000002
09:19:39,20.740000000000002
09:19:40,20.740000000000002
09:19:41,20.75
09:19:42,20.75
09:19:43,20.75
09:19:44,20.759999999999998
09:19:45,20.759999999999998
09:19:46,20.759999999999998
09:19:47,20.759999999999998
09:19:48,20.759999999999998
09:19:49,20.759999999999998
09:19:50,20.740000000000002
09:19:51,20.740000000000002
09:19:52,20.740000000000002
09:19:53,20.75
09:19:54,20.75
09:19:55,20.75
09:19:56,20.740000000000002
09:19:57,20.740000000000002
09:19:58,20.740000000000002
09:19:59,20.75
09:20:00,20.75
09:20:01,20.75
09:20:02,20.759999999999998
09:20:03,20.759999999999998
09:20:04,20.759999999999998
09:20:05,20.77
09:20:06,20.77
09:20:07,20.77
09:20:08,20.759999999999998
09:20:09,20.759999999999998
09:20:10,20.759999999999998
09:20:11,20.75
09:20:12,20.75
09:20:13,20.75
09:20:14,20.75
09:20:15,20.75
09:20:16,20.75
09:20:17,20.740000000000002
09:20:18,20.740000000000002
09:20:19,20.740000000000002
09:20:20,20.759999999999998
09:20:21,20.759999999999998
09:20:22,20.759999999999998
09:20:23,20.75
09:20:24,20.75
09:20:25,20.75
09:20:26,20.78
09:20:27,20.78
09:20:28,20.78
09:20:29,20.77
09:20:30,20.77
09:20:31,20.77
09:20:32,20.759999999999998
09:20:33,20.759999999999998
09:20:34,20.759999999999998
09:20:35,20.75
09:20:36,20.75
09:20:37,20.75
09:20:38,20.77
09:20:39,20.77
09:20:40,20.77
09:20:41,20.78
09:20:42,20.78
09:20:43,20.78
09:20:44,20.75
09:20:45,20.75
09:20:46,20.75
09:20:47,20.759999999999998
09:20:48,20.759999999999998
09:20:49,20.759999999999998
09:20:50,20.78
09:20:51,20.78
09:20:52,20.78
09:20:53,20.77
09:20:54,20.77
09:20:55,20.77
09:20:56,20.77
09:20:57,20.77
09:20:58,20.77
09:20:59,20.78
09:21:00,20.78
09:21:01,20.78
09:21:02,20.79
09:21:03,20.79
09:21:04,20.79
09:21:05,20.78
09:21:06,20.78
09:21:07,20.78
09:21:08,20.79
09:21:09,20.79
09:21:10,20.79
09:21:11,20.759999999999998
09:21:12,20.759999999999998
09:21:13,20.759999999999998
09:21:14,20.78
09:21:15,20.78
09:21:16,20.78
09:21:17,20.78
09:21:18,20.78
09:21:19,20.78
09:21:20,20.78
09:21:21,20.78
09:21:22,20.78
09:21:23,20.78
09:21:24,20.78
09:21:25,20.78
09:21:26,20.77
09:21:27,20.77
09:21:28,20.77
09:21:29,20.77
09:21:30,20.77
09:21:31,20.77
09:21:32,20.79
09:21:33,20.79
09:21:34,20.79
09:21:35,20.78
09:21:36,20.78
09:21:37,20.78
09:21:38,20.78
09:21:39,20.78
09:21:40,20.78
09:21:41,20.78
09:21:42,20.78
09:21:43,20.78
09:21:44,20.799999999999997
09:21:45,20.799999999999997
09:21:46,20.799999999999997
09:21:47,20.78
09:21:48,20.78
09:21:49,20.78
09:21:50,20.79
09:21:51,20.79
09:21:52,20.79
09:21:53,20.799999999999997
09:21:54,20.799999999999997
09:21:55,20.799999999999997
09:21:56,20.799999999999997
09:21:57,20.799999999999997
09:21:58,20.799999999999997
09:21:59,20.79
09:22:00,20.79
09:22:01,20.79
09:22:02,20.79
09:22:03,20.79
09:22:04,20.79
09:22:05,20.79
09:22:06,20.79
09:22:07,20.79
09:22:08,20.79
09:22:09,20.79
09:22:10,20.79
09:22:11,20.799999999999997
09:22:12,20.799999999999997
09:22:13,20.799999999999997
09:22:14,20.78
09:22:15,20.78
09:22:16,20.78
09:22:17,20.79
09:22:18,20.79
09:22:19,20.79
09:22:20,20.799999999999997
09:22:21,20.799999999999997
09:22:22,20.799999999999997
09:22:23,20.810000000000002
09:22:24,20.810000000000002
09:22:25,20.810000000000002
09:22:26,20.799999999999997
09:22:27,20.799999999999997
09:22:28,20.799999999999997
09:22:29,20.799999999999997
09:22:30,20.799999999999997
09:22:31,20.799999999999997
09:22:32,20.799999999999997
09:22:33,20.799999999999997
09:22:34,20.799999999999997
09:22:35,20.79
09:22:36,20.79
09:22:37,20.79
09:22:38,20.81
09:22:39,20.81
09:22:40,20.81
09:22:41,20.8
09:22:42,20.8
09:22:43,20.8
09:22:44,20.79
09:22:45,20.79
09:22:46,20.79
09:22:47,20.82
09:22:48,20.82
09:22:49,20.82
09:22:50,20.799999999999997
09:22:51,20.799999999999997
09:22:52,20.799999999999997
09:22:53,20.799999999999997
09:22:54,20.799999999999997
09:22:55,20.799999999999997
09:22:56,20.81
09:22:57,20.81
09:22:58,20.81
09:22:59,20.82
09:23:00,20.82
09:23:01,20.82
09:23:02,20.810000000000002
09:23:03,20.810000000000002
09:23:04,20.810000000000002
09:23:05,20.82
09:23:06,20.82
09:23:07,20.82
09:23:08,20.799999999999997
09:23:09,20.799999999999997
09:23:10,20.799999999999997
09:23:11,20.82
09:23:12,20.82
09:23:13,20.82
09:23:14,20.810000000000002
09:23:15,20.810000000000002
09:23:16,20.810000000000002
09:23:17,20.79
09:23:18,20.79
09:23:19,20.79
09:23:20,20.810000000000002
09:23:21,20.810000000000002
09:23:22,20.810000000000002
09:23:23,20.8
09:23:24,20.8
09:23:25,20.8
09:23:26,20.8
09:23:27,20.8
09:23:28,20.8
09:23:29,20.82
09:23:30,20.82
09:23:31,20.82
09:23:32,20.82
09:23:33,20.82
09:23:34,20.82
09:23:35,20.82
09:23:36,20.82
09:23:37,20.82
09:23:38,20.810000000000002
09:23:39,20.810000000000002
09:23:40,20.810000000000002
09:23:41,20.83
09:23:42,20.83
09:23:43,20.83
09:23:44,20.82
09:23:45,20.82
09:23:46,20.82
09:23:47,20.83
09:23:48,20.83
09:23:49,20.83
09:23:50,20.83
09:23:51,20.83
09:23:52,20.83
09:23:53,20.82
09:23:54,20.82
09:23:55,20.82
09:23:56,20.810000000000002
09:23:57,20.810000000000002
09:23:58,20.810000000000002
09:23:59,20.83
09:24:00,20.83
09:24:01,20.83
09:24:02,20.82
09:24:03,20.82
09:24:04,20.82
09:24:05,20.83
09:24:06,20.83
09:24:07,20.83
09:24:08,20.82
09:24:09,20.82
09:24:10,20.82
09:24:11,20.83
09:24:12,20.83
09:24:13,20.83
09:24:14,20.83
09:24:15,20.83
09:24:16,20.83
09:24:17,20.83
09:24:18,20.83
09:24:19,20.83
09:24:20,20.83
09:24:21,20.83
09:24:22,20.83
09:24:23,20.83
09:24:24,20.83
09:24:25,20.83
09:24:26,20.84
09:24:27,20.84
09:24:28,20.84
09:24:29,20.85
09:24:30,20.85
09:24:31,20.85
09:24:32,20.83
09:24:33,20.83
09:24:34,20.83
09:24:35,20.82
09:24:36,20.82
09:24:37,20.82
09:24:38,20.84
09:24:39,20.84
09:24:40,20.84
09:24:41,20.85
09:24:42,20.85
09:24:43,20.85
09:24:44,20.84
09:24:45,20.84
09:24:46,20.84
09:24:47,20.84
09:24:48,20.84
09:24:49,20.84
09:24:50,20.85
09:24:51,20.85
09:24:52,20.85
09:24:53,20.84
09:24:54,20.84
09:24:55,20.84
09:24:56,20.84
09:24:57,20.84
09:24:58,20.84
09:24:59,20.84
09:25:00,20.84
09:25:01,20.84
09:25:02,20.83
09:25:03,20.83
09:25:04,20.83
09:25:05,20.83
09:25:06,20.83
09:25:07,20.83
09:25:08,20.85
09:25:09,20.85
09:25:10,20.85
09:25:11,20.84
09:25:12,20.84
09:25:13,20.84
09:25:14,20.84
09:25:15,20.84
09:25:16,20.85
09:25:17,20.86
09:25:18,20.86
09:25:19,20.86
09:25:20,20.869999999999997
09:25:21,20.869999999999997
09:25:22,20.869999999999997
09:25:23,20.85
09:25:24,20.85
09:25:25,20.85
09:25:26,20.85
09:25:27,20.85
09:25:28,20.85
09:25:29,20.84
09:25:30,20.84
09:25:31,20.84
09:25:32,20.84
09:25:33,20.84
09:25:34,20.85
09:25:35,20.85
09:25:36,20.85
09:25:37,20.85
09:25:38,20.869999999999997
09:25:39,20.869999999999997
09:25:40,20.869999999999997
09:25:41,20.84
09:25:42,20.84
09:25:43,20.84
09:25:44,20.84
09:25:45,20.84
09:25:46,20.85
09:25:47,20.84
09:25:48,20.84
09:25:49,20.84
09:25:50,20.84
09:25:51,20.84
09:25:52,20.84
09:25:53,20.85
09:25:54,20.85
09:25:55,20.84
09:25:56,20.84
09:25:57,20.84
09:25:58,20.84
09:25:59,20.85
09:26:00,20.85
09:26:01,20.85
09:26:02,20.86
09:26:03,20.86
09:26:04,20.869999999999997
09:26:05,20.86
09:26:06,20.86
09:26:07,20.85
09:26:08,20.85
09:26:09,20.85
09:26:10,20.85
09:26:11,20.84
09:26:12,20.84
09:26:13,20.84
09:26:14,20.86
09:26:15,20.86
09:26:16,20.86
09:26:17,20.86
09:26:18,20.86
09:26:19,20.869999999999997
09:26:20,20.869999999999997
09:26:21,20.869999999999997
09:26:22,20.86
09:26:23,20.85
09:26:24,20.85
09:26:25,20.85
09:26:26,20.86
09:26:27,20.86
09:26:28,20.86
09:26:29,20.85
09:26:30,20.85
09:26:31,20.86
09:26:32,20.880000000000003
09:26:33,20.880000000000003
09:26:34,20.880000000000003
09:26:35,20.869999999999997
09:26:36,20.869999999999997
09:26:37,20.86
09:26:38,20.86
09:26:39,20.86
09:26:40,20.869999999999997
09:26:41,20.869999999999997
09:26:42,20.869999999999997
09:26:43,20.869999999999997
09:26:44,20.869999999999997
09:26:45,20.869999999999997
09:26:46,20.85
09:26:47,20.85
09:26:48,20.85
09:26:49,20.869999999999997
09:26:50,20.86
09:26:51,20.86
09:26:52,20.85
09:26:53,20.86
09:26:54,20.86
09:26:55,20.86
09:26:56,20.86
09:26:57,20.86
09:26:58,20.86
09:26:59,20.85
09:27:00,20.85
09:27:01,20.86
09:27:02,20.86
09:27:03,20.86
09:27:04,20.85
09:27:05,20.85
09:27:06,20.85
09:27:07,20.85
09:27:08,20.88
09:27:09,20.88
09:27:10,20.88
09:27:11,20.86
09:27:12,20.86
09:27:13,20.86
09:27:14,20.88
09:27:15,20.88
09:27:16,20.88
09:27:17,20.88
09:27:18,20.88
09:27:19,20.89
09:27:20,20.880000000000003
09:27:21,20.880000000000003
09:27:22,20.880000000000003
09:27:23,20.880000000000003
09:27:24,20.880000000000003
09:27:25,20.869999999999997
09:27:26,20.89
09:27:27,20.89
09:27:28,20.89
09:27:29,20.869999999999997
09:27:30,20.869999999999997
09:27:31,20.869999999999997
09:27:32,20.86
09:27:33,20.86
09:27:34,20.86
09:27:35,20.89
09:27:36,20.89
09:27:37,20.89
09:27:38,20.86
09:27:39,20.86
09:27:40,20.869999999999997
09:27:41,20.869999999999997
09:27:42,20.869999999999997
09:27:43,20.869999999999997
09:27:44,20.869999999999997
09:27:45,20.869999999999997
09:27:46,20.880000000000003
09:27:47,20.89
09:27:48,20.89
09:27:49,20.88
09:27:50,20.86
09:27:51,20.86
09:27:52,20.86
09:27:53,20.88
09:27:54,20.88
09:27:55,20.88
09:27:56,20.880000000000003
09:27:57,20.880000000000003
09:27:58,20.880000000000003
09:27:59,20.88
09:28:00,20.88
09:28:01,20.88
09:28:02,20.88
09:28:03,20.88
09:28:04,20.88
09:28:05,20.89
09:28:06,20.89
09:28:07,20.89
09:28:08,20.88
09:28:09,20.88
09:28:10,20.88
09:28:11,20.88
09:28:12,20.88
09:28:13,20.89
09:28:14,20.89
09:28:15,20.89
09:28:16,20.97
09:28:17,20.97
09:28:18,20.97
09:28:19,20.96
09:28:20,20.97
09:28:21,20.97
09:28:22,20.97
09:28:23,20.95
09:28:24,20.95
09:28:25,20.939999999999998
09:28:26,20.95
09:28:27,20.95
09:28:28,20.98
09:28:29,20.990000000000002
09:28:30,20.990000000000002
09:28:31,20.97
09:28:32,20.96
09:28:33,20.96
09:28:34,20.96
09:28:35,20.96
09:28:36,20.96
09:28:37,20.97
09:28:38,20.97
09:28:39,20.97
09:28:40,20.96
09:28:41,20.96
09:28:42,20.96
09:28:43,20.96
09:28:44,20.97
09:28:45,20.97
09:28:46,20.97
09:28:47,20.97
09:28:48,20.97
09:28:49,20.98
09:28:50,20.97
09:28:51,20.97
09:28:52,20.96
09:28:53,20.96
09:28:54,20.96
09:28:55,20.96
09:28:56,20.96
09:28:57,20.96
09:28:58,20.96
09:28:59,20.96
09:29:00,20.96
09:29:01,20.96
09:29:02,20.96
09:29:03,20.96
09:29:04,20.96
09:29:05,20.96
09:29:06,20.96
09:29:07,20.95
09:29:08,20.939999999999998
09:29:09,20.939999999999998
09:29:10,20.95
09:29:11,20.96
09:29:12,20.96
09:29:13,20.97
09:29:14,20.97
09:29:15,20.97
09:29:16,20.98
09:29:17,20.990000000000002
09:29:18,20.990000000000002
09:29:19,20.98
09:29:20,20.97
09:29:21,20.97
09:29:22,20.96
09:29:23,20.979999999999997
09:29:24,20.979999999999997
09:29:25,20.979999999999997
09:29:26,20.96
09:29:27,20.96
09:29:28,20.96
09:29:29,20.97
09:29:30,20.97
09:29:31,20.990000000000002
09:29:32,20.98
09:29:33,20.98
09:29:34,20.97
09:29:35,20.98
09:29:36,20.98
09:29:37,20.98
09:29:38,20.98
09:29:39,21.090000000000003
09:29:40,21.1
09:29:41,21.1
09:29:42,21.03
09:29:43,21.020000000000003
09:29:44,21.020000000000003
09:29:45,20.98
09:29:46,20.990000000000002
09:29:47,20.990000000000002
09:29:48,20.990000000000002
09:29:49,20.990000000000002
09:29:50,20.990000000000002
09:29:51,20.990000000000002
09:29:52,20.990000000000002
09:29:53,20.990000000000002
09:29:54,20.990000000000002
09:29:55,20.98
09:29:56,20.98
09:29:57,20.98
09:29:58,20.98
09:29:59,20.990000000000002
09:30:00,20.990000000000002
09:30:01,21.0
09:30:02,20.990000000000002
09:30:03,20.990000000000002
09:30:04,20.98
09:30:05,20.98
09:30:06,20.98
09:30:07,20.98
09:30:08,20.98
09:30:09,20.98
09:30:10,20.98
09:30:11,20.98
09:30:12,20.98
09:30:13,20.990000000000002
09:30:14,20.990000000000002
09:30:15,20.990000000000002
09:30:16,20.98
09:30:17,20.98
09:30:18,20.98
09:30:19,20.98
09:30:20,20.990000000000002
09:30:21,20.990000000000002
09:30:22,21.0
09:30:23,21.0
09:30:24,21.0
09:30:25,21.0
09:30:26,20.990000000000002
09:30:27,20.990000000000002
09:30:28,20.98
09:30:29,20.98
09:30:30,20.98
09:30:31,20.97
09:30:32,20.97
09:30:33,20.97
09:30:34,20.990000000000002
09:30:35,21.0
09:30:36,21.0
09:30:37,21.0
09:30:38,21.0
09:30:39,21.0
09:30:40,21.0
09:30:41,21.009999999999998
09:30:42,21.009999999999998
09:30:43,21.009999999999998
09:30:44,20.990000000000002
09:30:45,20.990000000000002
09:30:46,20.990000000000002
09:30:47,21.0
09:30:48,21.0
09:30:49,21.0
09:30:50,21.009999999999998
09:30:51,21.009999999999998
09:30:52,21.009999999999998
09:30:53,21.0
09:30:54,21.0
09:30:55,21.0
09:30:56,21.0
09:30:57,21.0
09:30:58,21.0
09:30:59,21.009999999999998
09:31:00,21.009999999999998
09:31:01,21.0
09:31:02,20.98
09:31:03,20.98
09:31:04,20.98
09:31:05,20.98
09:31:06,20.98
09:31:07,21.0
09:31:08,21.009999999999998
09:31:09,21.009999999999998
09:31:10,21.0
09:31:11,21.0
09:31:12,21.0
09:31:13,21.0
09:31:14,21.0
09:31:15,21.0
09:31:16,21.0
09:31:17,21.0
09:31:18,21.0
09:31:19,21.0
09:31:20,21.0
09:31:21,21.0
09:31:22,21.0
09:31:23,21.0
09:31:24,21.0
09:31:25,21.009999999999998
09:31:26,21.009999999999998
09:31:27,21.009999999999998
09:31:28,21.009999999999998
09:31:29,21.009999999999998
09:31:30,21.009999999999998
09:31:31,21.009999999999998
09:31:32,21.009999999999998
09:31:33,21.009999999999998
09:31:34,21.0
09:31:35,21.009999999999998
09:31:36,21.009999999999998
09:31:37,21.0
09:31:38,20.990000000000002
09:31:39,20.990000000000002
09:31:40,21.0
09:31:41,21.0
09:31:42,21.0
09:31:43,21.009999999999998
09:31:44,21.02
09:31:45,21.02
09:31:46,21.02
09:31:47,21.02
09:31:48,21.02
09:31:49,21.02
09:31:50,21.009999999999998
09:31:51,21.009999999999998
09:31:52,21.0
09:31:53,21.0
09:31:54,21.0
09:31:55,21.02
09:31:56,21.02
09:31:57,21.02
09:31:58,20.990000000000002
09:31:59,20.990000000000002
09:32:00,20.990000000000002
09:32:01,21.009999999999998
09:32:02,21.009999999999998
09:32:03,21.009999999999998
09:32:04,21.02
09:32:05,21.02
09:32:06,21.02
09:32:07,21.02
09:32:08,21.02
09:32:09,21.02
09:32:10,21.009999999999998
09:32:11,21.009999999999998
09:32:12,21.009999999999998
09:32:13,21.0
09:32:14,21.009999999999998
09:32:15,21.009999999999998
09:32:16,21.02
09:32:17,21.009999999999998
09:32:18,21.009999999999998
09:32:19,21.009999999999998
09:32:20,21.009999999999998
09:32:21,21.009999999999998
09:32:22,21.009999999999998
09:32:23,21.009999999999998
09:32:24,21.009999999999998
09:32:25,21.009999999999998
09:32:26,21.02
09:32:27,21.02
09:32:28,21.02
09:32:29,21.03
09:32:30,21.03
09:32:31,21.03
09:32:32,21.03
09:32:33,21.03
09:32:34,21.04
09:32:35,21.03
09:32:36,21.03
09:32:37,21.009999999999998
09:32:38,21.020000000000003
09:32:39,21.020000000000003
09:32:40,21.03
09:32:41,21.03
09:32:42,21.03
09:32:43,21.03
09:32:44,21.02
09:32:45,21.02
09:32:46,21.02
09:32:47,21.03
09:32:48,21.03
09:32:49,21.04
09:32:50,21.05
09:32:51,21.05
09:32:52,21.05
09:32:53,21.04
09:32:54,21.04
09:32:55,21.04
09:32:56,21.02
09:32:57,21.02
09:32:58,21.009999999999998
09:32:59,21.02
09:33:00,21.02
09:33:01,21.03
09:33:02,21.03
09:33:03,21.03
09:33:04,21.03
09:33:05,21.03
09:33:06,21.03
09:33:07,21.03
09:33:08,21.03
09:33:09,21.03
09:33:10,21.03
09:33:11,21.03
09:33:12,21.03
09:33:13,21.03
09:33:14,21.03
09:33:15,21.03
09:33:16,21.03
09:33:17,21.04
09:33:18,21.04
09:33:19,21.03
09:33:20,21.03
09:33:21,21.03
09:33:22,21.03
09:33:23,21.02
09:33:24,21.02
09:33:25,21.03
09:33:26,21.04
09:33:27,21.34
09:33:28,21.35
09:33:29,21.35
09:33:30,21.35
09:33:31,21.4
09:33:32,21.4
09:33:33,21.4
09:33:34,21.4
09:33:35,21.4
09:33:36,21.310000000000002
09:33:37,21.32
09:33:38,21.32
09:33:39,21.259999999999998
09:33:40,21.25
09:33:41,21.25
09:33:42,21.18
09:33:43,21.18
09:33:44,21.18
09:33:45,21.15
09:33:46,21.15
09:33:47,21.15
09:33:48,21.12
09:33:49,21.130000000000003
09:33:50,21.130000000000003
09:33:51,21.119999999999997
09:33:52,21.11
09:33:53,21.11
09:33:54,21.09
09:33:55,21.1
09:33:56,21.1
09:33:57,21.1
09:33:58,21.1
09:33:59,21.1
09:34:00,21.09
09:34:01,21.08
09:34:02,21.08
09:34:03,21.08
09:34:04,21.08
09:34:05,21.08
09:34:06,21.08
09:34:07,21.08
09:34:08,21.08
09:34:09,21.07
09:34:10,21.08
09:34:11,21.08
09:34:12,21.08
09:34:13,21.07
09:34:14,21.07
09:34:15,21.07
09:34:16,21.060000000000002
09:34:17,21.060000000000002
09:34:18,21.04
09:34:19,21.060000000000002
09:34:20,21.060000000000002
09:34:21,21.08
09:34:22,21.07
09:34:23,21.07
09:34:24,21.07
09:34:25,21.07
09:34:26,21.07
09:34:27,21.07
09:34:28,21.08
09:34:29,21.08
09:34:30,21.08
09:34:31,21.07
09:34:32,21.07
09:34:33,21.060000000000002
09:34:34,21.05
09:34:35,21.05
09:34:36,21.05
09:34:37,21.060000000000002
09:34:38,21.05
09:34:39,21.060000000000002
09:34:40,21.07
09:34:41,21.07
09:34:42,21.060000000000002
09:34:43,21.04
09:34:44,21.04
09:34:45,21.04
09:34:46,21.07
09:34:47,21.07
09:34:48,21.07
09:34:49,21.05
09:34:50,21.04
09:34:51,21.05
09:34:52,21.05
09:34:53,21.05
09:34:54,21.05
09:34:55,21.060000000000002
09:34:56,21.060000000000002
09:34:57,21.060000000000002
09:34:58,21.05
09:34:59,21.05
09:35:00,21.05
09:35:01,21.05
09:35:02,21.05
09:35:03,21.05
09:35:04,21.060000000000002
09:35:05,21.060000000000002
09:35:06,21.060000000000002
09:35:07,21.060000000000002
09:35:08,21.060000000000002
09:35:09,21.060000000000002
09:35:10,21.07
09:35:11,21.060000000000002
09:35:12,21.07
09:35:13,21.05
09:35:14,21.05
09:35:15,21.04
09:35:16,21.04
09:35:17,21.04
09:35:18,21.04
09:35:19,21.060000000000002
09:35:20,21.060000000000002
09:35:21,21.07
09:35:22,21.060000000000002
09:35:23,21.060000000000002
09:35:24,21.060000000000002
09:35:25,21.07
09:35:26,21.07
09:35:27,21.07
09:35:28,21.07
09:35:29,21.07
09:35:30,21.07
09:35:31,21.060000000000002
09:35:32,21.060000000000002
09:35:33,21.060000000000002
09:35:34,21.060000000000002
09:35:35,21.05
09:35:36,21.05
09:35:37,21.05
09:35:38,21.060000000000002
09:35:39,21.060000000000002
09:35:40,21.060000000000002
09:35:41,21.060000000000002
09:35:42,21.060000000000002
09:35:43,21.060000000000002
09:35:44,21.07
09:35:45,21.07
09:35:46,21.07
09:35:47,21.07
09:35:48,21.07
09:35:49,21.08
09:35:50,21.08
09:35:51,21.08
09:35:52,21.08
09:35:53,21.08
09:35:54,21.08
09:35:55,21.08
09:35:56,21.08
09:35:57,21.08
09:35:58,21.07
09:35:59,21.07
09:36:00,21.07
09:36:01,21.09
09:36:02,21.09
09:36:03,21.09
09:36:04,21.08
09:36:05,21.09
09:36:06,21.09
09:36:07,21.07
09:36:08,21.060000000000002
09:36:09,21.060000000000002
09:36:10,21.08
09:36:11,21.07
09:36:12,21.07
09:36:13,21.060000000000002
09:36:14,21.07
09:36:15,21.07
09:36:16,21.08
09:36:17,21.07
09:36:18,21.07
09:36:19,21.07
09:36:20,21.08
09:36:21,21.08
09:36:22,21.08
09:36:23,21.08
09:36:24,21.08
09:36:25,21.08
09:36:26,21.09
09:36:27,21.09
09:36:28,21.08
09:36:29,21.08
09:36:30,21.08
09:36:31,21.08
09:36:32,21.07
09:36:33,21.07
09:36:34,21.08
09:36:35,21.09
09:36:36,21.09
09:36:37,21.08
09:36:38,21.07
09:36:39,21.07
09:36:40,21.08
09:36:41,21.1
09:36:42,21.1
09:36:43,21.1
09:36:44,21.08
09:36:45,21.08
09:36:46,21.08
09:36:47,21.09
09:36:48,21.09
09:36:49,21.1
09:36:50,21.09
09:36:51,21.09
09:36:52,21.09
09:36:53,21.09
09:36:54,21.09
09:36:55,21.08
09:36:56,21.08
09:36:57,21.08
09:36:58,21.08
09:36:59,21.09
09:37:00,21.09
09:37:01,21.09
09:37:02,21.09
09:37:03,21.09
09:37:04,21.09
09:37:05,21.09
09:37:06,21.09
09:37:07,21.1
09:37:08,21.09
09:37:09,21.09
09:37:10,21.08
09:37:11,21.09
09:37:12,21.09
09:37:13,21.09
09:37:14,21.08
09:37:15,21.08
09:37:16,21.07
09:37:17,21.07
09:37:18,21.07
09:37:19,21.09
09:37:20,21.1
09:37:21,21.1
09:37:22,21.1
09:37:23,21.09
09:37:24,21.09
09:37:25,21.07
09:37:26,21.07
09:37:27,21.07
09:37:28,21.08
09:37:29,21.08
09:37:30,21.08
09:37:31,21.08
09:37:32,21.09
09:37:33,21.09
09:37:34,21.09
09:37:35,21.09
09:37:36,21.09
09:37:37,21.09
09:37:38,21.09
09:37:39,21.09
09:37:40,21.09
09:37:41,21.08
09:37:42,21.08
09:37:43,21.1
09:37:44,21.11
09:37:45,21.11
09:37:46,21.1
09:37:47,21.08
09:37:48,21.08
09:37:49,21.07
09:37:50,21.08
09:37:51,21.08
09:37:52,21.09
09:37:53,21.1
09:37:54,21.1
09:37:55,21.09
09:37:56,21.09
09:37:57,21.09
09:37:58,21.09
09:37:59,21.09
09:38:00,21.09
09:38:01,21.1
09:38:02,21.1
09:38:03,21.1
09:38:04,21.1
09:38:05,21.1
09:38:06,21.1
09:38:07,21.09
09:38:08,21.09
09:38:09,21.09
09:38:10,21.09
09:38:11,21.1
09:38:12,21.1
09:38:13,21.11
09:38:14,21.09
09:38:15,21.09
09:38:16,21.09
09:38:17,21.1
09:38:18,21.1
09:38:19,21.1
09:38:20,21.1
09:38:21,21.1
09:38:22,21.09
09:38:23,21.09
09:38:24,21.09
09:38:25,21.1
09:38:26,21.09
09:38:27,21.09
09:38:28,21.1
09:38:29,21.11
09:38:30,21.11
09:38:31,21.1
09:38:32,21.1
09:38:33,21.1
09:38:34,21.1
09:38:35,21.1
09:38:36,21.1
09:38:37,21.1
09:38:38,21.1
09:38:39,21.1
09:38:40,21.1
09:38:41,21.09
09:38:42,21.09
09:38:43,21.09
09:38:44,21.11
09:38:45,21.11
09:38:46,21.11
09:38:47,21.09
09:38:48,21.09
09:38:49,21.08
09:38:50,21.09
09:38:51,21.09
09:38:52,21.11
09:38:53,21.11
09:38:54,21.11
09:38:55,21.11
09:38:56,21.11
09:38:57,21.11
09:38:58,21.11
09:38:59,21.11
09:39:00,21.11
09:39:01,21.11
09:39:02,21.119999999999997
09:39:03,21.119999999999997
09:39:04,21.119999999999997
09:39:05,21.119999999999997
09:39:06,21.119999999999997
09:39:07,21.119999999999997
09:39:08,21.119999999999997
09:39:09,21.119999999999997
09:39:10,21.119999999999997
09:39:11,21.13
09:39:12,21.13
09:39:13,21.119999999999997
09:39:14,21.11
09:39:15,21.11
09:39:16,21.119999999999997
09:39:17,21.119999999999997
09:39:18,21.119999999999997
09:39:19,21.119999999999997
09:39:20,21.119999999999997
09:39:21,21.119999999999997
09:39:22,21.119999999999997
09:39:23,21.119999999999997
09:39:24,21.119999999999997
09:39:25,21.130000000000003
09:39:26,21.12
09:39:27,21.12
09:39:28,21.1
09:39:29,21.1
09:39:30,21.1
09:39:31,21.1
09:39:32,21.11
09:39:33,21.11
09:39:34,21.119999999999997
09:39:35,21.13
09:39:36,21.13
09:39:37,21.119999999999997
09:39:38,21.11
09:39:39,21.11
09:39:40,21.11
09:39:41,21.1
09:39:42,21.1
09:39:43,21.09
09:39:44,21.1
09:39:45,21.1
09:39:46,21.11
09:39:47,21.1
09:39:48,21.1
09:39:49,21.1
09:39:50,21.11
09:39:51,21.11
09:39:52,21.11
09:39:53,21.119999999999997
09:39:54,21.119999999999997
09:39:55,21.119999999999997
09:39:56,21.119999999999997
09:39:57,21.119999999999997
09:39:58,21.13
09:39:59,21.119999999999997
09:40:00,21.119999999999997
09:40:01,21.130000000000003
09:40:02,21.130000000000003
09:40:03,21.130000000000003
09:40:04,21.11
09:40:05,21.11
09:40:06,21.11
09:40:07,21.11
09:40:08,21.11
09:40:09,21.11
09:40:10,21.119999999999997
09:40:11,21.119999999999997
09:40:12,21.119999999999997
09:40:13,21.119999999999997
09:40:14,21.119999999999997
09:40:15,21.119999999999997
09:40:16,21.130000000000003
09:40:17,21.12
09:40:18,21.12
09:40:19,21.11
09:40:20,21.13
09:40:21,21.13
09:40:22,21.13
09:40:23,21.119999999999997
09:40:24,21.119999999999997
09:40:25,21.119999999999997
09:40:26,21.119999999999997
09:40:27,21.119999999999997
09:40:28,21.130000000000003
09:40:29,21.12
09:40:30,21.12
09:40:31,21.1
09:40:32,21.119999999999997
09:40:33,21.119999999999997
09:40:34,21.13
09:40:35,21.11
09:40:36,21.11
09:40:37,21.12
09:40:38,21.130000000000003
09:40:39,21.130000000000003
09:40:40,21.130000000000003
09:40:41,21.130000000000003
09:40:42,21.130000000000003
09:40:43,21.119999999999997
09:40:44,21.119999999999997
09:40:45,21.119999999999997
09:40:46,21.119999999999997
09:40:47,21.13
09:40:48,21.13
09:40:49,21.119999999999997
09:40:50,21.11
09:40:51,21.11
09:40:52,21.130000000000003
09:40:53,21.12
09:40:54,21.12
09:40:55,21.11
09:40:56,21.119999999999997
09:40:57,21.119999999999997
09:40:58,21.119999999999997
09:40:59,21.13
09:41:00,21.13
09:41:01,21.14
09:41:02,21.14
09:41:03,21.14
09:41:04,21.13
09:41:05,21.11
09:41:06,21.11
09:41:07,21.12
09:41:08,21.12
09:41:09,21.12
09:41:10,21.130000000000003
09:41:11,21.15
09:41:12,21.15
09:41:13,21.13
09:41:14,21.119999999999997
09:41:15,21.119999999999997
09:41:16,21.130000000000003
09:41:17,21.130000000000003
09:41:18,21.130000000000003
09:41:19,21.130000000000003
09:41:20,21.130000000000003
09:41:21,21.130000000000003
09:41:22,21.119999999999997
09:41:23,21.119999999999997
09:41:24,21.119999999999997
09:41:25,21.130000000000003
09:41:26,21.130000000000003
09:41:27,21.130000000000003
09:41:28,21.130000000000003
09:41:29,21.14
09:41:30,21.14
09:41:31,21.13
09:41:32,21.13
09:41:33,21.13
09:41:34,21.13
09:41:35,21.119999999999997
09:41:36,21.119999999999997
09:41:37,21.119999999999997
09:41:38,21.119999999999997
09:41:39,21.119999999999997
09:41:40,21.119999999999997
09:41:41,21.13
09:41:42,21.13
09:41:43,21.13
09:41:44,21.119999999999997
09:41:45,21.119999999999997
09:41:46,21.130000000000003
09:41:47,21.130000000000003
09:41:48,21.130000000000003
09:41:49,21.11
09:41:50,21.119999999999997
09:41:51,21.119999999999997
09:41:52,21.119999999999997
09:41:53,21.11
09:41:54,21.11
09:41:55,21.130000000000003
09:41:56,21.130000000000003
09:41:57,21.130000000000003
09:41:58,21.119999999999997
09:41:59,21.13
09:42:00,21.13
09:42:01,21.13
09:42:02,21.13
09:42:03,21.13
09:42:04,21.13
09:42:05,21.13
09:42:06,21.13
09:42:07,21.14
09:42:08,21.130000000000003
09:42:09,21.130000000000003
09:42:10,21.119999999999997
09:42:11,21.11
09:42:12,21.11
09:42:13,21.12
09:42:14,21.14
09:42:15,21.14
09:42:16,21.14
09:42:17,21.14
09:42:18,21.14
09:42:19,21.14
09:42:20,21.14
09:42:21,21.14
09:42:22,21.14
09:42:23,21.130000000000003
09:42:24,21.130000000000003
09:42:25,21.119999999999997
09:42:26,21.119999999999997
09:42:27,21.119999999999997
09:42:28,21.130000000000003
09:42:29,21.14
09:42:30,21.14
09:42:31,21.14
09:42:32,21.14
09:42:33,21.14
09:42:34,21.13
09:42:35,21.13
09:42:36,21.13
09:42:37,21.14
09:42:38,21.14
09:42:39,21.14
09:42:40,21.13
09:42:41,21.14
09:42:42,21.14
09:42:43,21.15
09:42:44,21.15
09:42:45,21.15
09:42:46,21.14
09:42:47,21.119999999999997
09:42:48,21.119999999999997
09:42:49,21.14
09:42:50,21.14
09:42:51,21.14
09:42:52,21.130000000000003
09:42:53,21.15
09:42:54,21.15
09:42:55,21.14
09:42:56,21.13
09:42:57,21.13
09:42:58,21.16
09:42:59,21.16
09:43:00,21.16
09:43:01,21.14
09:43:02,21.14
09:43:03,21.14
09:43:04,21.14
09:43:05,21.14
09:43:06,21.14
09:43:07,21.15
09:43:08,21.15
09:43:09,21.15
09:43:10,21.13
09:43:11,21.13
09:43:12,21.13
09:43:13,21.15
09:43:14,21.14
09:43:15,21.14
09:43:16,21.14
09:43:17,21.15
09:43:18,21.15
09:43:19,21.15
09:43:20,21.14
09:43:21,21.14
09:43:22,21.130000000000003
09:43:23,21.15
09:43:24,21.15
09:43:25,21.16
09:43:26,21.15
09:43:27,21.15
09:43:28,21.15
09:43:29,21.16
09:43:30,21.16
09:43:31,21.17
09:43:32,21.16
09:43:33,21.16
09:43:34,21.15
09:43:35,21.16
09:43:36,21.16
09:43:37,21.16
09:43:38,21.15
09:43:39,21.15
09:43:40,21.15
09:43:41,21.14
09:43:42,21.14
09:43:43,21.130000000000003
09:43:44,21.12
09:43:45,21.12
09:43:46,21.130000000000003
09:43:47,21.15
09:43:48,21.15
09:43:49,21.15
09:43:50,21.15
09:43:51,21.15
09:43:52,21.16
09:43:53,21.18
09:43:54,21.18
09:43:55,21.18
09:43:56,21.17
09:43:57,21.17
09:43:58,21.17
09:43:59,21.16
09:44:00,21.16
09:44:01,21.15
09:44:02,21.16
09:44:03,21.16
09:44:04,21.16
09:44:05,21.15
09:44:06,21.15
09:44:07,21.16
09:44:08,21.15
09:44:09,21.15
09:44:10,21.15
09:44:11,21.16
09:44:12,21.16
09:44:13,21.16
09:44:14,21.16
09:44:15,21.16
09:44:16,21.14
09:44:17,21.14
09:44:18,21.14
09:44:19,21.14
09:44:20,21.14
09:44:21,21.14
09:44:22,21.15
09:44:23,21.15
09:44:24,21.15
09:44:25,21.15
09:44:26,21.15
09:44:27,21.15
09:44:28,21.14
09:44:29,21.15
09:44:30,21.15
09:44:31,21.16
09:44:32,21.17
09:44:33,21.17
09:44:34,21.17
09:44:35,21.17
09:44:36,21.17
09:44:37,21.17
09:44:38,21.15
09:44:39,21.15
09:44:40,21.16
09:44:41,21.16
09:44:42,21.16
09:44:43,21.16
09:44:44,21.17
09:44:45,21.17
09:44:46,21.17
09:44:47,21.17
09:44:48,21.17
09:44:49,21.16
09:44:50,21.16
09:44:51,21.16
09:44:52,21.16
09:44:53,21.16
09:44:54,21.16
09:44:55,21.17
09:44:56,21.17
09:44:57,21.17
09:44:58,21.16
09:44:59,21.15
09:45:00,21.15
09:45:01,21.16
09:45:02,21.16
09:45:03,21.16
09:45:04,21.15
09:45:05,21.15
09:45:06,21.15
09:45:07,21.15
09:45:08,21.17
09:45:09,21.17
09:45:10,21.16
09:45:11,21.16
09:45:12,21.16
09:45:13,21.229999999999997
09:45:14,21.22
09:45:15,21.22
09:45:16,22.84
09:45:17,22.84
09:45:18,22.84
09:45:19,22.42
09:45:20,22.42
09:45:21,22.42
09:45:22,22.39
09:45:23,22.39
09:45:24,22.39
09:45:25,23.29
09:45:26,23.29
09:45:27,23.29
09:45:28,23.490000000000002
09:45:29,23.490000000000002
09:45:30,23.490000000000002
09:45:31,23.65
09:45:32,23.65
09:45:33,23.65
09:45:34,23.619999999999997
09:45:35,23.61
09:45:36,23.61
09:45:37,23.6
09:45:38,23.619999999999997
09:45:39,23.619999999999997
09:45:40,23.619999999999997
09:45:41,23.61
09:45:42,23.61
09:45:43,23.67
09:45:44,23.67
09:45:45,23.67
09:45:46,23.61
09:45:47,23.61
09:45:48,23.61
09:45:49,23.61
09:45:50,23.61
09:45:51,23.61
09:45:52,23.59
09:45:53,23.59
09:45:54,23.59
09:45:55,23.56
09:45:56,23.57
09:45:57,23.57
09:45:58,23.58
09:45:59,23.58
09:46:00,23.58
09:46:01,23.549999999999997
09:46:02,23.54
09:46:03,23.54
09:46:04,23.52
09:46:05,23.52
09:46:06,23.52
09:46:07,23.53
09:46:08,23.54
09:46:09,23.54
09:46:10,23.53
09:46:11,23.52
09:46:12,23.52
09:46:13,23.54
09:46:14,23.54
09:46:15,23.54
09:46:16,23.54
09:46:17,23.549999999999997
09:46:18,23.549999999999997
09:46:19,23.57
09:46:20,23.57
09:46:21,23.57
09:46:22,23.549999999999997
09:46:23,23.549999999999997
09:46:24,23.549999999999997
09:46:25,23.53
09:46:26,23.53
09:46:27,23.53
09:46:28,23.53
09:46:29,23.52
09:46:30,23.52
09:46:31,23.54
09:46:32,23.549999999999997
09:46:33,23.549999999999997
09:46:34,23.52
09:46:35,23.509999999999998
09:46:36,23.509999999999998
09:46:37,23.52
09:46:38,23.53
09:46:39,23.53
09:46:40,23.549999999999997
09:46:41,23.54
09:46:42,23.54
09:46:43,23.509999999999998
09:46:44,23.509999999999998
09:46:45,23.509999999999998
09:46:46,23.5
09:46:47,23.509999999999998
09:46:48,23.509999999999998
09:46:49,23.52
09:46:50,23.52
09:46:51,23.52
09:46:52,23.54
09:46:53,23.55
09:46:54,23.55
09:46:55,23.520000000000003
09:46:56,23.509999999999998
09:46:57,23.509999999999998
09:46:58,23.53
09:46:59,23.53
09:47:00,23.53
09:47:01,23.479999999999997
09:47:02,23.490000000000002
09:47:03,23.490000000000002
09:47:04,23.490000000000002
09:47:05,23.490000000000002
09:47:06,23.490000000000002
09:47:07,23.490000000000002
09:47:08,23.490000000000002
09:47:09,23.490000000000002
09:47:10,23.48
09:47:11,23.47
09:47:12,23.47
09:47:13,23.49
09:47:14,23.49
09:47:15,23.49
09:47:16,23.47
09:47:17,23.48
09:47:18,23.48
09:47:19,23.490000000000002
09:47:20,23.479999999999997
09:47:21,23.479999999999997
09:47:22,23.479999999999997
09:47:23,23.47
09:47:24,23.47
09:47:25,23.47
09:47:26,23.479999999999997
09:47:27,23.479999999999997
09:47:28,23.47
09:47:29,23.47
09:47:30,23.47
09:47:31,23.479999999999997
09:47:32,23.479999999999997
09:47:33,23.479999999999997
09:47:34,23.479999999999997
09:47:35,23.490000000000002
09:47:36,23.490000000000002
09:47:37,23.490000000000002
09:47:38,23.490000000000002
09:47:39,23.490000000000002
09:47:40,23.490000000000002
09:47:41,23.490000000000002
09:47:42,23.490000000000002
09:47:43,23.490000000000002
09:47:44,23.479999999999997
09:47:45,23.479999999999997
09:47:46,23.49
09:47:47,23.5
09:47:48,23.5
09:47:49,23.48
09:47:50,23.46
09:47:51,23.46
09:47:52,23.47
09:47:53,23.479999999999997
09:47:54,23.479999999999997
09:47:55,23.479999999999997
09:47:56,23.479999999999997
09:47:57,23.479999999999997
09:47:58,23.479999999999997
09:47:59,23.479999999999997
09:48:00,23.479999999999997
09:48:01,23.479999999999997
09:48:02,23.490000000000002
09:48:03,23.490000000000002
09:48:04,23.48
09:48:05,23.47
09:48:06,23.47
09:48:07,23.479999999999997
09:48:08,23.479999999999997
09:48:09,23.479999999999997
09:48:10,23.47
09:48:11,23.47
09:48:12,23.47
09:48:13,23.479999999999997
09:48:14,23.490000000000002
09:48:15,23.490000000000002
09:48:16,23.48
09:48:17,23.490000000000002
09:48:18,23.490000000000002
09:48:19,23.53
09:48:20,23.509999999999998
09:48:21,23.509999999999998
09:48:22,23.509999999999998
09:48:23,23.509999999999998
09:48:24,23.509999999999998
09:48:25,23.5
09:48:26,23.51
09:48:27,23.51
09:48:28,23.46
09:48:29,23.45
09:48:30,23.45
09:48:31,23.46
09:48:32,23.47
09:48:33,23.47
09:48:34,23.46
09:48:35,23.46
09:48:36,23.46
09:48:37,23.48
09:48:38,23.47
09:48:39,23.47
09:48:40,23.46
09:48:41,23.47
09:48:42,23.47
09:48:43,23.46
09:48:44,23.47
09:48:45,23.47
09:48:46,23.47
09:48:47,23.46
09:48:48,23.46
09:48:49,23.450000000000003
09:48:50,23.46
09:48:51,23.46
09:48:52,23.46
09:48:53,23.450000000000003
09:48:54,23.450000000000003
09:48:55,23.47
09:48:56,23.48
09:48:57,23.48
09:48:58,23.47
09:48:59,23.46
09:49:00,23.46
09:49:01,23.5
09:49:02,23.5
09:49:03,23.5
09:49:04,23.520000000000003
09:49:05,23.509999999999998
09:49:06,23.509999999999998
09:49:07,23.49
09:49:08,23.5
09:49:09,23.5
09:49:10,23.5
09:49:11,23.5
09:49:12,23.5
09:49:13,23.5
09:49:14,23.509999999999998
09:49:15,23.509999999999998
09:49:16,23.509999999999998
09:49:17,23.509999999999998
09:49:18,23.509999999999998
09:49:19,23.509999999999998
09:49:20,23.5
09:49:21,23.5
09:49:22,23.5
09:49:23,23.5
09:49:24,23.5
09:49:25,23.5
09:49:26,23.5
09:49:27,23.5
09:49:28,23.5
09:49:29,23.5
09:49:30,23.5
09:49:31,23.5
09:49:32,23.509999999999998
09:49:33,23.509999999999998
09:49:34,23.5
09:49:35,23.490000000000002
09:49:36,23.490000000000002
09:49:37,23.51
09:49:38,23.520000000000003
09:49:39,23.520000000000003
09:49:40,23.520000000000003
09:49:41,23.520000000000003
09:49:42,23.520000000000003
09:49:43,23.520000000000003
09:49:44,23.51
09:49:45,23.51
09:49:46,23.51
09:49:47,23.51
09:49:48,23.51
09:49:49,23.5
09:49:50,23.52
09:49:51,23.52
09:49:52,23.52
09:49:53,23.509999999999998
09:49:54,23.509999999999998
09:49:55,23.509999999999998
09:49:56,23.5
09:49:57,23.5
09:49:58,23.490000000000002
09:49:59,23.490000000000002
09:50:00,23.490000000000002
09:50:01,23.48
09:50:02,23.490000000000002
09:50:03,23.490000000000002
09:50:04,23.520000000000003
09:50:05,23.51
09:50:06,23.51
09:50:07,23.51
09:50:08,23.51
09:50:09,23.51
09:50:10,23.53
09:50:11,23.54
09:50:12,23.54
09:50:13,23.55
09:50:14,23.54
09:50:15,23.54
09:50:16,23.520000000000003
09:50:17,23.520000000000003
09:50:18,23.520000000000003
09:50:19,23.520000000000003
09:50:20,23.53
09:50:21,23.53
09:50:22,23.520000000000003
09:50:23,23.51
09:50:24,23.51
09:50:25,23.5
09:50:26,23.5
09:50:27,23.5
09:50:28,23.490000000000002
09:50:29,23.490000000000002
09:50:30,23.490000000000002
09:50:31,23.48
09:50:32,23.490000000000002
09:50:33,23.490000000000002
09:50:34,23.509999999999998
09:50:35,23.509999999999998
09:50:36,23.509999999999998
09:50:37,23.490000000000002
09:50:38,23.490000000000002
09:50:39,23.490000000000002
09:50:40,23.48
09:50:41,23.48
09:50:42,23.48
09:50:43,23.48
09:50:44,23.47
09:50:45,23.47
09:50:46,23.47
09:50:47,23.47
09:50:48,23.47
09:50:49,23.53
09:50:50,23.54
09:50:51,23.54
09:50:52,23.54
09:50:53,23.54
09:50:54,23.54
09:50:55,23.53
09:50:56,23.520000000000003
09:50:57,23.520000000000003
09:50:58,23.5
09:50:59,23.509999999999998
09:51:00,23.509999999999998
09:51:01,23.520000000000003
09:51:02,23.520000000000003
09:51:03,23.520000000000003
09:51:04,23.5
09:51:05,23.490000000000002
09:51:06,23.490000000000002
09:51:07,23.47
09:51:08,23.48
09:51:09,23.48
09:51:10,23.5
09:51:11,23.5
09:51:12,23.5
09:51:13,23.48
09:51:14,23.47
09:51:15,23.47
09:51:16,23.479999999999997
09:51:17,23.490000000000002
09:51:18,23.490000000000002
09:51:19,23.41
09:51:20,23.42
09:51:21,23.42
09:51:22,23.4
09:51:23,23.41
09:51:24,23.41
09:51:25,23.44
09:51:26,23.44
09:51:27,23.44
09:51:28,23.43
09:51:29,23.42
09:51:30,23.42
09:51:31,23.6
09:51:32,23.61
09:51:33,23.61
09:51:34,23.630000000000003
09:51:35,23.630000000000003
09:51:36,23.630000000000003
09:51:37,23.66
09:51:38,23.66
09:51:39,23.66
09:51:40,23.59
09:51:41,23.58
09:51:42,23.58
09:51:43,23.55
09:51:44,23.560000000000002
09:51:45,23.560000000000002
09:51:46,23.6
09:51:47,23.59
09:51:48,23.59
09:51:49,23.61
09:51:50,23.61
09:51:51,23.61
09:51:52,23.64
09:51:53,23.630000000000003
09:51:54,23.630000000000003
09:51:55,23.590000000000003
09:51:56,23.6
09:51:57,23.6
09:51:58,23.57
09:51:59,23.58
09:52:00,23.58
09:52:01,23.53
09:52:02,23.53
09:52:03,23.53
09:52:04,23.560000000000002
09:52:05,23.560000000000002
09:52:06,23.560000000000002
09:52:07,23.52
09:52:08,23.509999999999998
09:52:09,23.509999999999998
09:52:10,23.5
09:52:11,23.490000000000002
09:52:12,23.490000000000002
09:52:13,23.46
09:52:14,23.47
09:52:15,23.47
09:52:16,23.490000000000002
09:52:17,23.490000000000002
09:52:18,23.490000000000002
09:52:19,23.53
09:52:20,23.54
09:52:21,23.54
09:52:22,23.560000000000002
09:52:23,23.55
09:52:24,23.55
09:52:25,23.490000000000002
09:52:26,23.490000000000002
09:52:27,23.490000000000002
09:52:28,23.54
09:52:29,23.54
09:52:30,23.54
09:52:31,23.54
09:52:32,23.55
09:52:33,23.55
09:52:34,23.47
09:52:35,23.48
09:52:36,23.48
09:52:37,23.46
09:52:38,23.450000000000003
09:52:39,23.450000000000003
09:52:40,23.48
09:52:41,23.490000000000002
09:52:42,23.490000000000002
09:52:43,23.47
09:52:44,23.450000000000003
09:52:45,23.450000000000003
09:52:46,23.46
09:52:47,23.47
09:52:48,23.47
09:52:49,23.5
09:52:50,23.5
09:52:51,23.5
09:52:52,23.54
09:52:53,23.53
09:52:54,23.53
09:52:55,23.48
09:52:56,23.5
09:52:57,23.5
09:52:58,23.490000000000002
09:52:59,23.48
09:53:00,23.48
09:53:01,23.46
09:53:02,23.47
09:53:03,23.47
09:53:04,23.48
09:53:05,23.46
09:53:06,23.46
09:53:07,23.47
09:53:08,23.490000000000002
09:53:09,23.490000000000002
09:53:10,23.5
09:53:11,23.490000000000002
09:53:12,23.490000000000002
09:53:13,23.490000000000002
09:53:14,23.490000000000002
09:53:15,23.490000000000002
09:53:16,23.48
09:53:17,23.47
09:53:18,23.47
09:53:19,23.5
09:53:20,23.509999999999998
09:53:21,23.509999999999998
09:53:22,23.490000000000002
09:53:23,23.48
09:53:24,23.48
09:53:25,23.47
09:53:26,23.490000000000002
09:53:27,23.490000000000002
09:53:28,23.54
09:53:29,23.54
09:53:30,23.54
09:53:31,23.560000000000002
09:53:32,23.55
09:53:33,23.55
09:53:34,23.509999999999998
09:53:35,23.509999999999998
09:53:36,23.509999999999998
09:53:37,23.509999999999998
09:53:38,23.52
09:53:39,23.52
09:53:40,23.52
09:53:41,23.509999999999998
09:53:42,23.509999999999998
09:53:43,23.53
09:53:44,23.54
09:53:45,23.54
09:53:46,23.54
09:53:47,23.54
09:53:48,23.54
09:53:49,23.54
09:53:50,23.54
09:53:51,23.54
09:53:52,23.560000000000002
09:53:53,23.560000000000002
09:53:54,23.560000000000002
09:53:55,23.59
09:53:56,23.59
09:53:57,23.59
09:53:58,23.64
09:53:59,23.64
09:54:00,23.64
09:54:01,23.65
09:54:02,23.65
09:54:03,23.65
09:54:04,23.66
09:54:05,23.67
09:54:06,23.67
09:54:07,23.68
09:54:08,23.66
09:54:09,23.66
09:54:10,23.65
09:54:11,23.66
09:54:12,23.66
09:54:13,23.58
09:54:14,23.58
09:54:15,23.58
09:54:16,23.6
09:54:17,23.59
09:54:18,23.59
09:54:19,23.6
09:54:20,23.61
09:54:21,23.61
09:54:22,23.62
09:54:23,23.62
09:54:24,23.62
09:54:25,23.65
09:54:26,23.64
09:54:27,23.64
09:54:28,23.64
09:54:29,23.64
09:54:30,23.64
09:54:31,23.65
09:54:32,23.66
09:54:33,23.66
09:54:34,23.66
09:54:35,23.67
09:54:36,23.67
09:54:37,23.61
09:54:38,23.61
09:54:39,23.61
09:54:40,23.619999999999997
09:54:41,23.6
09:54:42,23.6
09:54:43,23.55
09:54:44,23.57
09:54:45,23.57
09:54:46,23.53
09:54:47,23.52
09:54:48,23.52
09:54:49,23.55
09:54:50,23.55
09:54:51,23.55
09:54:52,23.54
09:54:53,23.53
09:54:54,23.53
09:54:55,23.53
09:54:56,23.53
09:54:57,23.53
09:54:58,23.53
09:54:59,23.53
09:55:00,23.53
09:55:01,23.54
09:55:02,23.54
09:55:03,23.54
09:55:04,23.55
09:55:05,23.57
09:55:06,23.57
09:55:07,23.64
09:55:08,23.62
09:55:09,23.62
09:55:10,23.630000000000003
09:55:11,23.64
09:55:12,23.64
09:55:13,23.59
09:55:14,23.59
09:55:15,23.59
09:55:16,23.59
09:55:17,23.58
09:55:18,23.58
09:55:19,23.5
09:55:20,23.5
09:55:21,23.5
09:55:22,23.55
09:55:23,23.560000000000002
09:55:24,23.560000000000002
09:55:25,23.57
09:55:26,23.57
09:55:27,23.57
09:55:28,23.560000000000002
09:55:29,23.560000000000002
09:55:30,23.560000000000002
09:55:31,23.57
09:55:32,23.58
09:55:33,23.58
09:55:34,23.59
09:55:35,23.58
09:55:36,23.58
09:55:37,23.58
09:55:38,23.58
09:55:39,23.58
09:55:40,23.59
09:55:41,23.59
09:55:42,23.59
09:55:43,23.59
09:55:44,23.59
09:55:45,23.59
09:55:46,23.59
09:55:47,23.59
09:55:48,23.59
09:55:49,23.560000000000002
09:55:50,23.560000000000002
09:55:51,23.560000000000002
09:55:52,23.53
09:55:53,23.53
09:55:54,23.53
09:55:55,23.560000000000002
09:55:56,23.57
09:55:57,23.57
09:55:58,23.57
09:55:59,23.560000000000002
09:56:00,23.560000000000002
09:56:01,23.55
09:56:02,23.55
09:56:03,23.55
09:56:04,23.560000000000002
09:56:05,23.55
09:56:06,23.55
09:56:07,23.560000000000002
09:56:08,23.560000000000002
09:56:09,23.560000000000002
09:56:10,23.630000000000003
09:56:11,23.64
09:56:12,23.64
09:56:13,23.58
09:56:14,23.58
09:56:15,23.58
09:56:16,23.61
09:56:17,23.61
09:56:18,23.61
09:56:19,23.62
09:56:20,23.62
09:56:21,23.62
09:56:22,23.61
09:56:23,23.619999999999997
09:56:24,23.619999999999997
09:56:25,23.59
09:56:26,23.57
09:56:27,23.57
09:56:28,23.560000000000002
09:56:29,23.58
09:56:30,23.58
09:56:31,23.58
09:56:32,23.58
09:56:33,23.58
09:56:34,23.6
09:56:35,23.59
09:56:36,23.59
09:56:37,23.57
09:56:38,23.58
09:56:39,23.58
09:56:40,23.55
09:56:41,23.54
09:56:42,23.54
09:56:43,23.55
09:56:44,23.560000000000002
09:56:45,23.560000000000002
09:56:46,23.61
09:56:47,23.61
09:56:48,23.61
09:56:49,23.59
09:56:50,23.59
09:56:51,23.59
09:56:52,23.59
09:56:53,23.59
09:56:54,23.59
09:56:55,23.6
09:56:56,23.59
09:56:57,23.59
09:56:58,23.59
09:56:59,23.59
09:57:00,23.59
09:57:01,23.58
09:57:02,23.59
09:57:03,23.59
09:57:04,23.59
09:57:05,23.6
09:57:06,23.6
09:57:07,23.59
09:57:08,23.58
09:57:09,23.58
09:57:10,23.619999999999997
09:57:11,23.61
09:57:12,23.61
09:57:13,23.61
09:57:14,23.61
09:57:15,23.61
09:57:16,23.58
09:57:17,23.6
09:57:18,23.6
09:57:19,23.65
09:57:20,23.64
09:57:21,23.64
09:57:22,23.67
09:57:23,23.66
09:57:24,23.66
09:57:25,23.68
09:57:26,23.689999999999998
09:57:27,23.689999999999998
09:57:28,23.67
09:57:29,23.68
09:57:30,23.68
09:57:31,23.67
09:57:32,23.67
09:57:33,23.67
09:57:34,23.66
09:57:35,23.66
09:57:36,23.66
09:57:37,23.68
09:57:38,23.67
09:57:39,23.67
09:57:40,23.619999999999997
09:57:41,23.63
09:57:42,23.63
09:57:43,23.619999999999997
09:57:44,23.61
09:57:45,23.61
09:57:46,23.64
09:57:47,23.64
09:57:48,23.64
09:57:49,23.630000000000003
09:57:50,23.62
09:57:51,23.62
09:57:52,23.62
09:57:53,23.630000000000003
09:57:54,23.630000000000003
09:57:55,23.64
09:57:56,23.65
09:57:57,23.65
09:57:58,23.63
09:57:59,23.619999999999997
09:58:00,23.619999999999997
09:58:01,23.61
09:58:02,23.61
09:58:03,23.61
09:58:04,23.630000000000003
09:58:05,23.630000000000003
09:58:06,23.630000000000003
09:58:07,23.630000000000003
09:58:08,23.630000000000003
09:58:09,23.630000000000003
09:58:10,23.6
09:58:11,23.61
09:58:12,23.61
09:58:13,23.59
09:58:14,23.58
09:58:15,23.58
09:58:16,23.58
09:58:17,23.58
09:58:18,23.58
09:58:19,23.6
09:58:20,23.59
09:58:21,23.59
09:58:22,23.57
09:58:23,23.58
09:58:24,23.58
09:58:25,23.55
09:58:26,23.55
09:58:27,23.55
09:58:28,23.55
09:58:29,23.54
09:58:30,23.54
09:58:31,23.560000000000002
09:58:32,23.57
09:58:33,23.57
09:58:34,23.57
09:58:35,23.57
09:58:36,23.57
09:58:37,23.560000000000002
09:58:38,23.55
09:58:39,23.55
09:58:40,23.59
09:58:41,23.61
09:58:42,23.61
09:58:43,23.57
09:58:44,23.560000000000002
09:58:45,23.560000000000002
09:58:46,23.560000000000002
09:58:47,23.560000000000002
09:58:48,23.560000000000002
09:58:49,23.5
09:58:50,23.5
09:58:51,23.5
09:58:52,23.53
09:58:53,23.53
09:58:54,23.53
09:58:55,23.54
09:58:56,23.53
09:58:57,23.53
09:58:58,23.52
09:58:59,23.54
09:59:00,23.54
09:59:01,23.53
09:59:02,23.509999999999998
09:59:03,23.509999999999998
09:59:04,23.53
09:59:05,23.53
09:59:06,23.53
09:59:07,23.55
09:59:08,23.6
09:59:09,23.6
09:59:10,23.57
09:59:11,23.52
09:59:12,23.52
09:59:13,23.6
09:59:14,23.61
09:59:15,23.61
09:59:16,23.57
09:59:17,23.58
09:59:18,23.58
09:59:19,23.6
09:59:20,23.6
09:59:21,23.6
09:59:22,23.560000000000002
09:59:23,23.560000000000002
09:59:24,23.560000000000002
09:59:25,23.560000000000002
09:59:26,23.64
09:59:27,23.64
09:59:28,23.65
09:59:29,23.62
09:59:30,23.62
09:59:31,23.55
09:59:32,23.62
09:59:33,23.62
09:59:34,23.65
09:59:35,23.740000000000002
09:59:36,23.740000000000002
09:59:37,23.84
09:59:38,23.79
09:59:39,23.79
09:59:40,23.78
09:59:41,23.68
09:59:42,23.68
09:59:43,23.700000000000003
09:59:44,23.69
09:59:45,23.69
09:59:46,23.68
09:59:47,23.729999999999997
09:59:48,23.729999999999997
09:59:49,23.72
09:59:50,23.65
09:59:51,23.65
09:59:52,23.65
09:59:53,23.65
09:59:54,23.65
09:59:55,23.6
09:59:56,23.71
09:59:57,23.71
09:59:58,23.73
09:59:59,23.689999999999998
10:00:00,23.689999999999998
10:00:01,23.66
10:00:02,23.78
10:00:03,23.78
10:00:04,23.79
10:00:05,23.700000000000003
10:00:06,23.700000000000003
10:00:07,23.740000000000002
10:00:08,23.68
10:00:09,23.68
10:00:10,23.68
10:00:11,23.82
10:00:12,23.82
10:00:13,23.8
10:00:14,23.66
10:00:15,23.66
10:00:16,23.65
10:00:17,23.57
10:00:18,23.57
10:00:19,23.57
10:00:20,23.61
10:00:21,23.61
10:00:22,23.59
10:00:23,23.57
10:00:24,23.57
10:00:25,23.56
10:00:26,23.53
10:00:27,23.53
10:00:28,23.55
10:00:29,23.58
10:00:30,23.58
10:00:31,23.6
10:00:32,23.59
10:00:33,23.59
10:00:34,23.61
10:00:35,23.89
10:00:36,23.89
10:00:37,23.939999999999998
10:00:38,23.689999999999998
10:00:39,23.689999999999998
10:00:40,23.68
10:00:41,23.73
10:00:42,23.73
10:00:43,23.740000000000002
10:00:44,23.810000000000002
10:00:45,23.810000000000002
10:00:46,23.8
10:00:47,23.75
10:00:48,23.75
10:00:49,23.740000000000002
10:00:50,23.75
10:00:51,23.75
10:00:52,23.77
10:00:53,23.84
10:00:54,23.84
10:00:55,23.869999999999997
10:00:56,23.88
10:00:57,23.88
10:00:58,23.92
10:00:59,23.79
10:01:00,23.79
10:01:01,23.77
10:01:02,23.85
10:01:03,23.85
10:01:04,23.85
10:01:05,23.75
10:01:06,23.75
10:01:07,23.71
10:01:08,23.8
10:01:09,23.8
10:01:10,23.810000000000002
10:01:11,23.75
10:01:12,23.75
10:01:13,23.68
10:01:14,23.65
10:01:15,23.65
10:01:16,23.66
10:01:17,23.63
10:01:18,23.63
10:01:19,23.66
10:01:20,23.64
10:01:21,23.64
10:01:22,23.66
10:01:23,23.67
10:01:24,23.67
10:01:25,23.65
10:01:26,23.66
10:01:27,23.66
10:01:28,23.67
10:01:29,23.66
10:01:30,23.66
10:01:31,23.72
10:01:32,23.72
10:01:33,23.72
10:01:34,23.740000000000002
10:01:35,23.73
10:01:36,23.73
10:01:37,23.77
10:01:38,23.78
10:01:39,23.78
10:01:40,23.759999999999998
10:01:41,23.75
10:01:42,23.75
10:01:43,23.759999999999998
10:01:44,23.78
10:01:45,23.78
10:01:46,23.77
10:01:47,23.77
10:01:48,23.77
10:01:49,23.740000000000002
10:01:50,24.130000000000003
10:01:51,24.130000000000003
10:01:52,24.16
10:01:53,23.95
10:01:54,23.95
10:01:55,23.93
10:01:56,24.009999999999998
10:01:57,24.009999999999998
10:01:58,24.03
10:01:59,23.89
10:02:00,23.89
10:02:01,23.810000000000002
10:02:02,23.78
10:02:03,23.78
10:02:04,23.77
10:02:05,23.84
10:02:06,23.84
10:02:07,23.85
10:02:08,23.9
10:02:09,23.9
10:02:10,23.83
10:02:11,23.75
10:02:12,23.75
10:02:13,23.77
10:02:14,23.7
10:02:15,23.7
10:02:16,23.71
10:02:17,23.740000000000002
10:02:18,23.740000000000002
10:02:19,23.72
10:02:20,23.759999999999998
10:02:21,23.759999999999998
10:02:22,23.8
10:02:23,23.78
10:02:24,23.78
10:02:25,23.990000000000002
10:02:26,23.990000000000002
10:02:27,23.990000000000002
10:02:28,23.96
10:02:29,23.96
10:02:30,23.96
10:02:31,24.39
10:02:32,24.39
10:02:33,24.39
10:02:34,24.48
10:02:35,24.48
10:02:36,24.48
10:02:37,24.84
10:02:38,24.84
10:02:39,24.84
10:02:40,24.85
10:02:41,24.85
10:02:42,24.85
10:02:43,24.78
10:02:44,24.78
10:02:45,24.78
10:02:46,24.68
10:02:47,24.68
10:02:48,24.68
10:02:49,24.68
10:02:50,24.68
10:02:51,24.68
10:02:52,24.560000000000002
10:02:53,24.560000000000002
10:02:54,24.560000000000002
10:02:55,24.75
10:02:56,24.75
10:02:57,24.75
10:02:58,24.77
10:02:59,24.77
10:03:00,24.77
10:03:01,24.65
10:03:02,24.65
10:03:03,24.65
10:03:04,24.689999999999998
10:03:05,24.689999999999998
10:03:06,24.689999999999998
10:03:07,24.61
10:03:08,24.61
10:03:09,24.61
10:03:10,24.64
10:03:11,24.64
10:03:12,24.64
10:03:13,24.689999999999998
10:03:14,24.689999999999998
10:03:15,24.689999999999998
10:03:16,24.72
10:03:17,24.72
10:03:18,24.72
10:03:19,24.65
10:03:20,24.65
10:03:21,24.65
10:03:22,24.380000000000003
10:03:23,24.380000000000003
10:03:24,24.380000000000003
10:03:25,24.5
10:03:26,24.5
10:03:27,24.5
10:03:28,24.42
10:03:29,24.42
10:03:30,24.42
10:03:31,24.33
10:03:32,24.33
10:03:33,24.33
10:03:34,24.36
10:03:35,24.36
10:03:36,24.36
10:03:37,24.34
10:03:38,24.34
10:03:39,24.34
10:03:40,24.29
10:03:41,24.29
10:03:42,24.29
10:03:43,24.35
10:03:44,25.67
10:03:45,25.67
10:03:46,25.67
10:03:47,24.86
10:03:48,24.86
10:03:49,24.85
10:03:50,25.55
10:03:51,25.55
10:03:52,25.55
10:03:53,25.62
10:03:54,25.62
10:03:55,25.62
10:03:56,25.59
10:03:57,25.59
10:03:58,25.6
10:03:59,25.58
10:04:00,25.58
10:04:01,25.58
10:04:02,25.62
10:04:03,25.62
10:04:04,25.62
10:04:05,25.42
10:04:06,25.42
10:04:07,25.42
10:04:08,25.43
10:04:09,25.43
10:04:10,25.45
10:04:11,25.3
10:04:12,25.3
10:04:13,25.3
10:04:14,26.48
10:04:15,26.48
10:04:16,26.43
10:04:17,26.34
10:04:18,26.34
10:04:19,26.39
10:04:20,26.310000000000002
10:04:21,26.310000000000002
10:04:22,26.42
10:04:23,26.82
10:04:24,26.82
10:04:25,26.89
10:04:26,26.89
10:04:27,26.89
10:04:28,26.85
10:04:29,26.85
10:04:30,26.86
10:04:31,26.840000000000003
10:04:32,26.840000000000003
10:04:33,26.83
10:04:34,26.84
10:04:35,26.84
10:04:36,26.84
10:04:37,26.83
10:04:38,26.83
10:04:39,26.840000000000003
10:04:40,26.840000000000003
10:04:41,26.840000000000003
10:04:42,26.840000000000003
10:04:43,26.82
10:04:44,26.82
10:04:45,26.82
10:04:46,26.8
10:04:47,26.8
10:04:48,26.78
10:04:49,26.759999999999998
10:04:50,26.759999999999998
10:04:51,26.77
10:04:52,26.759999999999998
10:04:53,26.759999999999998
10:04:54,26.770000000000003
10:04:55,26.76
10:04:56,26.76
10:04:57,26.75
10:04:58,26.729999999999997
10:04:59,26.729999999999997
10:05:00,26.72
10:05:01,26.759999999999998
10:05:02,26.759999999999998
10:05:03,26.759999999999998
10:05:04,26.72
10:05:05,26.72
10:05:06,26.729999999999997
10:05:07,26.7
10:05:08,26.7
10:05:09,26.689999999999998
10:05:10,26.689999999999998
10:05:11,26.689999999999998
10:05:12,26.68
10:05:13,26.689999999999998
10:05:14,26.7
10:05:15,26.7
10:05:16,26.7
10:05:17,26.7
10:05:18,26.7
10:05:19,26.7
10:05:20,26.71
10:05:21,26.71
10:05:22,26.71
10:05:23,26.72
10:05:24,26.71
10:05:25,26.71
10:05:26,26.71
10:05:27,26.72
10:05:28,26.72
10:05:29,26.73
10:05:30,26.72
10:05:31,26.72
10:05:32,26.73
10:05:33,26.73
10:05:34,27.22
10:05:35,27.22
10:05:36,27.22
10:05:37,27.65
10:05:38,27.65
10:05:39,27.65
10:05:40,27.369999999999997
10:05:41,27.369999999999997
10:05:42,27.369999999999997
10:05:43,27.619999999999997
10:05:44,27.619999999999997
10:05:45,27.61
10:05:46,27.880000000000003
10:05:47,27.880000000000003
10:05:48,27.880000000000003
10:05:49,27.91
10:05:50,27.91
10:05:51,27.92
10:05:52,27.990000000000002
10:05:53,27.990000000000002
10:05:54,27.97
10:05:55,27.91
10:05:56,27.91
10:05:57,27.91
10:05:58,27.950000000000003
10:05:59,27.950000000000003
10:06:00,27.96
10:06:01,28.009999999999998
10:06:02,28.009999999999998
10:06:03,28.0
10:06:04,28.009999999999998
10:06:05,28.009999999999998
10:06:06,28.009999999999998
10:06:07,28.0
10:06:08,27.97
10:06:09,27.97
10:06:10,27.97
10:06:11,27.990000000000002
10:06:12,28.0
10:06:13,28.0
10:06:14,28.009999999999998
10:06:15,28.0
10:06:16,27.54
10:06:17,27.54
10:06:18,27.54
10:06:19,27.71
10:06:20,28.05
10:06:21,28.05
10:06:22,28.17
10:06:23,28.97
10:06:24,28.97
10:06:25,28.97
10:06:26,28.990000000000002
10:06:27,28.990000000000002
10:06:28,28.58
10:06:29,28.63
10:06:30,28.63
10:06:31,28.5
10:06:32,28.37
10:06:33,28.37
10:06:34,28.6
10:06:35,28.689999999999998
10:06:36,28.689999999999998
10:06:37,29.259999999999998
10:06:38,29.259999999999998
10:06:39,29.259999999999998
10:06:40,28.07
10:06:41,28.11
10:06:42,28.11
10:06:43,28.11
10:06:44,28.11
10:06:45,28.11
10:06:46,28.119999999999997
10:06:47,28.119999999999997
10:06:48,28.119999999999997
10:06:49,28.130000000000003
10:06:50,28.14
10:06:51,28.14
10:06:52,28.14
10:06:53,28.1
10:06:54,28.1
10:06:55,28.1
10:06:56,28.02
10:06:57,28.02
10:06:58,28.02
10:06:59,28.15
10:07:00,28.15
10:07:01,28.16
10:07:02,28.16
10:07:03,28.16
10:07:04,28.15
10:07:05,28.14
10:07:06,28.14
10:07:07,28.15
10:07:08,28.15
10:07:09,28.15
10:07:10,28.16
10:07:11,28.17
10:07:12,28.17
10:07:13,28.55
10:07:14,28.55
10:07:15,28.55
10:07:16,28.59
10:07:17,28.59
10:07:18,28.59
10:07:19,28.189999999999998
10:07:20,28.189999999999998
10:07:21,28.189999999999998
10:07:22,28.2
10:07:23,28.21
10:07:24,28.21
10:07:25,29.1
10:07:26,28.86
10:07:27,28.86
10:07:28,29.12
10:07:29,29.18
10:07:30,29.18
10:07:31,29.18
10:07:32,29.42
10:07:33,29.42
10:07:34,29.42
10:07:35,29.450000000000003
10:07:36,29.450000000000003
10:07:37,29.46
10:07:38,29.5
10:07:39,29.5
10:07:40,29.479999999999997
10:07:41,29.509999999999998
10:07:42,29.509999999999998
10:07:43,29.509999999999998
10:07:44,29.52
10:07:45,29.52
10:07:46,29.53
10:07:47,29.490000000000002
10:07:48,29.490000000000002
10:07:49,29.479999999999997
10:07:50,29.439999999999998
10:07:51,29.439999999999998
10:07:52,29.450000000000003
10:07:53,29.46
10:07:54,29.46
10:07:55,29.46
10:07:56,29.4
10:07:57,29.4
10:07:58,29.38
10:07:59,29.34
10:08:00,29.34
10:08:01,29.35
10:08:02,29.35
10:08:03,29.35
10:08:04,29.35
10:08:05,29.35
10:08:06,29.35
10:08:07,29.35
10:08:08,29.35
10:08:09,29.35
10:08:10,29.37
10:08:11,29.37
10:08:12,29.37
10:08:13,29.36
10:08:14,29.35
10:08:15,29.35
10:08:16,29.36
10:08:17,29.34
10:08:18,29.34
10:08:19,29.33
10:08:20,29.35
10:08:21,29.35
10:08:22,29.35
10:08:23,29.33
10:08:24,29.33
10:08:25,29.32
10:08:26,29.29
10:08:27,29.29
10:08:28,29.29
10:08:29,29.33
10:08:30,29.33
10:08:31,29.33
10:08:32,29.4
10:08:33,29.4
10:08:34,29.41
10:08:35,29.37
10:08:36,29.37
10:08:37,29.35
10:08:38,29.43
10:08:39,29.43
10:08:40,29.439999999999998
10:08:41,29.49
10:08:42,29.49
10:08:43,29.5
10:08:44,29.53
10:08:45,29.53
10:08:46,29.53
10:08:47,29.450000000000003
10:08:48,29.450000000000003
10:08:49,29.450000000000003
10:08:50,29.59
10:08:51,29.59
10:08:52,29.6
10:08:53,29.450000000000003
10:08:54,29.450000000000003
10:08:55,29.44
10:08:56,29.5
10:08:57,29.5
10:08:58,29.49
10:08:59,29.58
10:09:00,29.58
10:09:01,29.59
10:09:02,29.67
10:09:03,29.67
10:09:04,29.67
10:09:05,29.69
10:09:06,29.69
10:09:07,29.68
10:09:08,29.68
10:09:09,29.68
10:09:10,29.68
10:09:11,29.689999999999998
10:09:12,29.689999999999998
10:09:13,29.689999999999998
10:09:14,29.7
10:09:15,29.7
10:09:16,29.7
10:09:17,29.7
10:09:18,29.7
10:09:19,29.7
10:09:20,29.68
10:09:21,29.68
10:09:22,29.67
10:09:23,29.67
10:09:24,29.67
10:09:25,29.67
10:09:26,29.7
10:09:27,29.7
10:09:28,29.71
10:09:29,29.7
10:09:30,29.7
10:09:31,29.7
10:09:32,29.71
10:09:33,29.71
10:09:34,29.72
10:09:35,29.72
10:09:36,29.72
10:09:37,29.73
10:09:38,29.73
10:09:39,29.73
10:09:40,29.72
10:09:41,29.700000000000003
10:09:42,29.700000000000003
10:09:43,29.71
10:09:44,29.71
10:09:45,29.71
10:09:46,29.39
10:09:47,29.39
10:09:48,29.39
10:09:49,29.46
10:09:50,29.46
10:09:51,29.46
10:09:52,29.47
10:09:53,29.46
10:09:54,29.46
10:09:55,29.310000000000002
10:09:56,29.310000000000002
10:09:57,29.310000000000002
10:09:58,29.34
10:09:59,29.34
10:10:00,29.34
10:10:01,29.36
10:10:02,29.36
10:10:03,29.36
10:10:04,29.37
10:10:05,29.380000000000003
10:10:06,29.380000000000003
10:10:07,29.4
10:10:08,29.39
10:10:09,29.39
10:10:10,29.4
10:10:11,29.39
10:10:12,29.39
10:10:13,29.39
10:10:14,29.38
10:10:15,29.38
10:10:16,29.4
10:10:17,29.41
10:10:18,29.41
10:10:19,29.41
10:10:20,29.41
10:10:21,29.41
10:10:22,29.42
10:10:23,29.42
10:10:24,29.42
10:10:25,29.43
10:10:26,29.46
10:10:27,29.46
10:10:28,29.46
10:10:29,29.450000000000003
10:10:30,29.450000000000003
10:10:31,29.46
10:10:32,29.46
10:10:33,29.46
10:10:34,29.46
10:10:35,29.47
10:10:36,29.47
10:10:37,29.48
10:10:38,29.490000000000002
10:10:39,29.490000000000002
10:10:40,29.490000000000002
10:10:41,29.490000000000002
10:10:42,29.490000000000002
10:10:43,29.48
10:10:44,29.5
10:10:45,29.5
10:10:46,29.490000000000002
10:10:47,29.490000000000002
10:10:48,29.490000000000002
10:10:49,29.490000000000002
10:10:50,29.490000000000002
10:10:51,29.490000000000002
10:10:52,29.490000000000002
10:10:53,29.490000000000002
10:10:54,29.490000000000002
10:10:55,29.58
10:10:56,29.59
10:10:57,29.59
10:10:58,29.61
10:10:59,29.61
10:11:00,29.61
10:11:01,29.72
10:11:02,29.73
10:11:03,29.73
10:11:04,29.85
10:11:05,29.86
10:11:06,29.86
10:11:07,29.87
10:11:08,29.87
10:11:09,29.87
10:11:10,29.880000000000003
10:11:11,29.880000000000003
10:11:12,29.880000000000003
10:11:13,29.89
10:11:14,29.89
10:11:15,29.89
10:11:16,29.89
10:11:17,29.91
10:11:18,29.91
10:11:19,29.9
10:11:20,29.89
10:11:21,29.89
10:11:22,29.9
10:11:23,29.9
10:11:24,29.9
10:11:25,29.89
10:11:26,29.89
10:11:27,29.89
10:11:28,29.9
10:11:29,29.91
10:11:30,29.91
10:11:31,29.91
10:11:32,29.92
10:11:33,29.92
10:11:34,29.92
10:11:35,29.92
10:11:36,29.92
10:11:37,29.92
10:11:38,29.92
10:11:39,29.92
10:11:40,29.939999999999998
10:11:41,29.93
10:11:42,29.93
10:11:43,29.93
10:11:44,29.939999999999998
10:11:45,29.939999999999998
10:11:46,29.939999999999998
10:11:47,29.939999999999998
10:11:48,29.939999999999998
10:11:49,29.939999999999998
10:11:50,29.93
10:11:51,29.93
10:11:52,29.93
10:11:53,29.939999999999998
10:11:54,29.939999999999998
10:11:55,29.95
10:11:56,29.95
10:11:57,29.95
10:11:58,29.95
10:11:59,29.95
10:12:00,29.95
10:12:01,29.95
10:12:02,29.95
10:12:03,29.95
10:12:04,29.96
10:12:05,29.97
10:12:06,29.97
10:12:07,29.96
10:12:08,29.939999999999998
10:12:09,29.939999999999998
10:12:10,29.950000000000003
10:12:11,29.96
10:12:12,29.96
10:12:13,29.97
10:12:14,29.98
10:12:15,29.98
10:12:16,29.98
10:12:17,29.97
10:12:18,29.97
10:12:19,29.98
10:12:20,29.990000000000002
10:12:21,29.990000000000002
10:12:22,29.990000000000002
10:12:23,30.0
10:12:24,30.0
10:12:25,29.990000000000002
10:12:26,29.98
10:12:27,29.98
10:12:28,30.0
10:12:29,30.0
10:12:30,30.0
10:12:31,29.990000000000002
10:12:32,29.98
10:12:33,29.98
10:12:34,29.990000000000002
10:12:35,29.990000000000002
10:12:36,29.990000000000002
10:12:37,29.990000000000002
10:12:38,29.990000000000002
10:12:39,29.990000000000002
10:12:40,30.0
10:12:41,30.0
10:12:42,30.0
10:12:43,30.0
10:12:44,29.98
10:12:45,29.98
10:12:46,29.98
10:12:47,29.98
10:12:48,29.98
10:12:49,29.98
10:12:50,29.97
10:12:51,29.97
10:12:52,29.98
10:12:53,29.98
10:12:54,29.98
10:12:55,29.97
10:12:56,29.97
10:12:57,29.97
10:12:58,29.98
10:12:59,29.990000000000002
10:13:00,29.990000000000002
10:13:01,29.990000000000002
10:13:02,29.97
10:13:03,29.97
10:13:04,29.98
10:13:05,29.98
10:13:06,29.98
10:13:07,29.98
10:13:08,29.97
10:13:09,29.97
10:13:10,29.96
10:13:11,29.97
10:13:12,29.97
10:13:13,29.98
10:13:14,29.97
10:13:15,29.97
10:13:16,29.97
10:13:17,29.97
10:13:18,29.97
10:13:19,29.96
10:13:20,29.97
10:13:21,29.97
10:13:22,29.98
10:13:23,29.97
10:13:24,29.97
10:13:25,29.97
10:13:26,29.98
10:13:27,29.98
10:13:28,29.97
10:13:29,29.98
10:13:30,29.98
10:13:31,29.98
10:13:32,29.97
10:13:33,29.97
10:13:34,29.97
10:13:35,29.98
10:13:36,29.98
10:13:37,29.98
10:13:38,29.98
10:13:39,29.98
10:13:40,29.98
10:13:41,29.990000000000002
10:13:42,29.990000000000002
10:13:43,30.009999999999998
10:13:44,29.990000000000002
10:13:45,29.990000000000002
10:13:46,29.98
10:13:47,29.990000000000002
10:13:48,29.990000000000002
10:13:49,29.990000000000002
10:13:50,29.990000000000002
10:13:51,29.990000000000002
10:13:52,30.009999999999998
10:13:53,30.0
10:13:54,30.0
10:13:55,30.0
10:13:56,30.02
10:13:57,30.02
10:13:58,30.0
10:13:59,30.0
10:14:00,30.0
10:14:01,30.0
10:14:02,30.009999999999998
10:14:03,30.009999999999998
10:14:04,30.009999999999998
10:14:05,29.990000000000002
10:14:06,29.990000000000002
10:14:07,30.0
10:14:08,30.009999999999998
10:14:09,30.009999999999998
10:14:10,30.009999999999998
10:14:11,30.009999999999998
10:14:12,30.009999999999998
10:14:13,29.990000000000002
10:14:14,29.990000000000002
10:14:15,29.990000000000002
10:14:16,30.0
10:14:17,30.0
10:14:18,30.0
10:14:19,30.0
10:14:20,30.009999999999998
10:14:21,30.009999999999998
10:14:22,30.009999999999998
10:14:23,29.990000000000002
10:14:24,29.990000000000002
10:14:25,29.990000000000002
10:14:26,29.990000000000002
10:14:27,29.990000000000002
10:14:28,29.990000000000002
10:14:29,29.98
10:14:30,29.98
10:14:31,29.990000000000002
10:14:32,29.990000000000002
10:14:33,29.990000000000002
10:14:34,29.990000000000002
10:14:35,29.979999999999997
10:14:36,29.979999999999997
10:14:37,29.979999999999997
10:14:38,29.979999999999997
10:14:39,29.979999999999997
10:14:40,29.979999999999997
10:14:41,29.979999999999997
10:14:42,29.979999999999997
10:14:43,29.99
10:14:44,29.99
10:14:45,29.99
10:14:46,29.99
10:14:47,30.009999999999998
10:14:48,30.009999999999998
10:14:49,30.0
10:14:50,30.0
10:14:51,30.0
10:14:52,30.0
10:14:53,30.02
10:14:54,30.02
10:14:55,30.009999999999998
10:14:56,30.009999999999998
10:14:57,30.009999999999998
10:14:58,30.04
10:14:59,30.05
10:15:00,30.05
10:15:01,29.979999999999997
10:15:02,29.979999999999997
10:15:03,29.979999999999997
10:15:04,30.060000000000002
10:15:05,30.05
10:15:06,30.05
10:15:07,30.04
10:15:08,30.049999999999997
10:15:09,30.049999999999997
10:15:10,30.049999999999997
10:15:11,30.04
10:15:12,30.04
10:15:13,30.04
10:15:14,30.049999999999997
10:15:15,30.049999999999997
10:15:16,30.060000000000002
10:15:17,30.05
10:15:18,30.05
10:15:19,30.060000000000002
10:15:20,30.060000000000002
10:15:21,30.060000000000002
10:15:22,30.060000000000002
10:15:23,30.060000000000002
10:15:24,30.060000000000002
10:15:25,30.04
10:15:26,30.04
10:15:27,30.04
10:15:28,30.060000000000002
10:15:29,30.07
10:15:30,30.07
10:15:31,30.08
10:15:32,30.08
10:15:33,30.08
10:15:34,30.08
10:15:35,30.08
10:15:36,30.08
10:15:37,30.07
10:15:38,30.08
10:15:39,30.08
10:15:40,30.09
10:15:41,30.08
10:15:42,30.08
10:15:43,30.08
10:15:44,30.08
10:15:45,30.08
10:15:46,30.08
10:15:47,30.09
10:15:48,30.09
10:15:49,30.1
10:15:50,30.1
10:15:51,30.1
10:15:52,30.08
10:15:53,30.08
10:15:54,30.08
10:15:55,30.08
10:15:56,30.08
10:15:57,30.08
10:15:58,30.08
10:15:59,30.08
10:16:00,30.08
10:16:01,30.1
10:16:02,30.1
10:16:03,30.1
10:16:04,30.1
10:16:05,30.1
10:16:06,30.1
10:16:07,30.09
10:16:08,30.09
10:16:09,30.09
10:16:10,30.09
10:16:11,30.09
10:16:12,30.09
10:16:13,30.08
10:16:14,30.08
10:16:15,30.08
10:16:16,30.07
10:16:17,30.07
10:16:18,30.07
10:16:19,30.05
10:16:20,30.05
10:16:21,30.05
10:16:22,30.08
10:16:23,30.08
10:16:24,30.08
10:16:25,30.060000000000002
10:16:26,30.060000000000002
10:16:27,30.060000000000002
10:16:28,30.05
10:16:29,30.05
10:16:30,30.05
10:16:31,30.08
10:16:32,30.08
10:16:33,30.08
10:16:34,30.07
10:16:35,30.07
10:16:36,30.07
10:16:37,30.049999999999997
10:16:38,30.049999999999997
10:16:39,30.049999999999997
10:16:40,30.07
10:16:41,30.07
10:16:42,30.07
10:16:43,30.11
10:16:44,30.11
10:16:45,30.11
10:16:46,30.06
10:16:47,30.06
10:16:48,30.06
10:16:49,30.1
10:16:50,30.1
10:16:51,30.1
10:16:52,30.15
10:16:53,30.14
10:16:54,30.14
10:16:55,30.13
10:16:56,30.119999999999997
10:16:57,30.119999999999997
10:16:58,30.119999999999997
10:16:59,30.13
10:17:00,30.13
10:17:01,30.119999999999997
10:17:02,30.11
10:17:03,30.11
10:17:04,30.13
10:17:05,30.119999999999997
10:17:06,30.119999999999997
10:17:07,30.130000000000003
10:17:08,30.130000000000003
10:17:09,30.130000000000003
10:17:10,30.119999999999997
10:17:11,30.119999999999997
10:17:12,30.119999999999997
10:17:13,30.11
10:17:14,30.11
10:17:15,30.11
10:17:16,30.130000000000003
10:17:17,30.12
10:17:18,30.12
10:17:19,30.12
10:17:20,30.11
10:17:21,30.11
10:17:22,30.11
10:17:23,30.11
10:17:24,30.11
10:17:25,30.12
10:17:26,30.11
10:17:27,30.11
10:17:28,30.11
10:17:29,30.11
10:17:30,30.11
10:17:31,30.12
10:17:32,30.11
10:17:33,30.11
10:17:34,30.11
10:17:35,30.09
10:17:36,30.09
10:17:37,30.08
10:17:38,30.09
10:17:39,30.09
10:17:40,30.09
10:17:41,30.07
10:17:42,30.07
10:17:43,30.08
10:17:44,30.08
10:17:45,30.08
10:17:46,30.08
10:17:47,30.09
10:17:48,30.09
10:17:49,30.09
10:17:50,30.09
10:17:51,30.09
10:17:52,30.1
10:17:53,30.09
10:17:54,30.09
10:17:55,30.09
10:17:56,30.08
10:17:57,30.08
10:17:58,30.08
10:17:59,30.09
10:18:00,30.09
10:18:01,30.09
10:18:02,30.08
10:18:03,30.08
10:18:04,30.08
10:18:05,30.07
10:18:06,30.07
10:18:07,30.07
10:18:08,30.07
10:18:09,30.07
10:18:10,30.07
10:18:11,30.060000000000002
10:18:12,30.060000000000002
10:18:13,30.05
10:18:14,30.060000000000002
10:18:15,30.060000000000002
10:18:16,30.07
10:18:17,30.07
10:18:18,30.07
10:18:19,30.060000000000002
10:18:20,30.05
10:18:21,30.05
10:18:22,30.060000000000002
10:18:23,30.060000000000002
10:18:24,30.060000000000002
10:18:25,30.05
10:18:26,30.05
10:18:27,30.05
10:18:28,30.05
10:18:29,30.05
10:18:30,30.05
10:18:31,30.05
10:18:32,30.07
10:18:33,30.07
10:18:34,30.07
10:18:35,30.07
10:18:36,30.07
10:18:37,30.08
10:18:38,30.09
10:18:39,30.09
10:18:40,30.08
10:18:41,30.08
10:18:42,30.08
10:18:43,30.09
10:18:44,30.09
10:18:45,30.09
10:18:46,30.08
10:18:47,30.09
10:18:48,30.09
10:18:49,30.08
10:18:50,30.09
10:18:51,30.09
10:18:52,30.1
10:18:53,30.1
10:18:54,30.1
10:18:55,30.09
10:18:56,30.08
10:18:57,30.08
10:18:58,30.09
10:18:59,30.12
10:19:00,30.12
10:19:01,30.11
10:19:02,30.1
10:19:03,30.1
10:19:04,30.11
10:19:05,30.1
10:19:06,30.1
10:19:07,30.1
10:19:08,30.1
10:19:09,30.1
10:19:10,30.1
10:19:11,30.11
10:19:12,30.11
10:19:13,30.1
10:19:14,30.11
10:19:15,30.11
10:19:16,30.12
10:19:17,30.12
10:19:18,30.12
10:19:19,30.11
10:19:20,30.11
10:19:21,30.11
10:19:22,30.130000000000003
10:19:23,30.11
10:19:24,30.11
10:19:25,30.1
10:19:26,30.12
10:19:27,30.12
10:19:28,30.12
10:19:29,30.12
10:19:30,30.12
10:19:31,30.12
10:19:32,30.12
10:19:33,30.12
10:19:34,30.12
10:19:35,30.11
10:19:36,30.11
10:19:37,30.12
10:19:38,30.130000000000003
10:19:39,30.130000000000003
10:19:40,30.12
10:19:41,30.12
10:19:42,30.12
10:19:43,30.12
10:19:44,30.12
10:19:45,30.12
10:19:46,30.14
10:19:47,30.130000000000003
10:19:48,30.130000000000003
10:19:49,30.12
10:19:50,30.130000000000003
10:19:51,30.130000000000003
10:19:52,30.130000000000003
10:19:53,30.130000000000003
10:19:54,30.130000000000003
10:19:55,30.12
10:19:56,30.12
10:19:57,30.12
10:19:58,30.11
10:19:59,30.11
10:20:00,30.11
10:20:01,30.14
10:20:02,30.130000000000003
10:20:03,30.130000000000003
10:20:04,30.130000000000003
10:20:05,30.130000000000003
10:20:06,30.130000000000003
10:20:07,30.130000000000003
10:20:08,30.14
10:20:09,30.14
10:20:10,30.14
10:20:11,30.130000000000003
10:20:12,30.130000000000003
10:20:13,30.130000000000003
10:20:14,30.130000000000003
10:20:15,30.130000000000003
10:20:16,30.130000000000003
10:20:17,30.130000000000003
10:20:18,30.130000000000003
10:20:19,30.14
10:20:20,30.14
10:20:21,30.14
10:20:22,30.130000000000003
10:20:23,30.14
10:20:24,30.14
10:20:25,30.14
10:20:26,30.14
10:20:27,30.14
10:20:28,30.17
10:20:29,30.17
10:20:30,30.17
10:20:31,30.15
10:20:32,30.15
10:20:33,30.15
10:20:34,30.17
10:20:35,30.17
10:20:36,30.17
10:20:37,30.15
10:20:38,30.15
10:20:39,30.15
10:20:40,30.14
10:20:41,30.14
10:20:42,30.14
10:20:43,30.1
10:20:44,30.1
10:20:45,30.1
10:20:46,30.16
10:20:47,30.15
10:20:48,30.15
10:20:49,30.16
10:20:50,30.16
10:20:51,30.16
10:20:52,30.16
10:20:53,30.16
10:20:54,30.16
10:20:55,30.15
10:20:56,30.14
10:20:57,30.14
10:20:58,30.130000000000003
10:20:59,30.130000000000003
10:21:00,30.130000000000003
10:21:01,30.14
10:21:02,30.13
10:21:03,30.13
10:21:04,30.119999999999997
10:21:05,30.119999999999997
10:21:06,30.119999999999997
10:21:07,30.119999999999997
10:21:08,30.11
10:21:09,30.11
10:21:10,30.119999999999997
10:21:11,30.13
10:21:12,30.13
10:21:13,30.13
10:21:14,30.13
10:21:15,30.13
10:21:16,30.119999999999997
10:21:17,30.119999999999997
10:21:18,30.119999999999997
10:21:19,30.119999999999997
10:21:20,30.119999999999997
10:21:21,30.119999999999997
10:21:22,30.13
10:21:23,30.13
10:21:24,30.13
10:21:25,30.14
10:21:26,30.14
10:21:27,30.14
10:21:28,30.13
10:21:29,30.13
10:21:30,30.13
10:21:31,30.13
10:21:32,30.13
10:21:33,30.13
10:21:34,30.11
10:21:35,30.11
10:21:36,30.11
10:21:37,30.13
10:21:38,30.13
10:21:39,30.13
10:21:40,30.11
10:21:41,30.11
10:21:42,30.11
10:21:43,30.119999999999997
10:21:44,30.119999999999997
10:21:45,30.119999999999997
10:21:46,30.11
10:21:47,30.11
10:21:48,30.11
10:21:49,30.13
10:21:50,30.13
10:21:51,30.13
10:21:52,30.15
10:21:53,30.15
10:21:54,30.15
10:21:55,30.119999999999997
10:21:56,30.119999999999997
10:21:57,30.119999999999997
10:21:58,30.12
10:21:59,30.12
10:22:00,30.12
10:22:01,30.11
10:22:02,30.11
10:22:03,30.11
10:22:04,30.09
10:22:05,30.09
10:22:06,30.09
10:22:07,30.090000000000003
10:22:08,30.090000000000003
10:22:09,30.090000000000003
10:22:10,30.090000000000003
10:22:11,30.090000000000003
10:22:12,30.090000000000003
10:22:13,30.08
10:22:14,30.08
10:22:15,30.08
10:22:16,30.09
10:22:17,30.09
10:22:18,30.09
10:22:19,30.09
10:22:20,30.09
10:22:21,30.09
10:22:22,30.08
10:22:23,30.08
10:22:24,30.08
10:22:25,30.09
10:22:26,30.09
10:22:27,30.09
10:22:28,30.08
10:22:29,30.08
10:22:30,30.08
10:22:31,30.07
10:22:32,30.07
10:22:33,30.07
10:22:34,30.060000000000002
10:22:35,30.060000000000002
10:22:36,30.060000000000002
10:22:37,30.060000000000002
10:22:38,30.060000000000002
10:22:39,30.060000000000002
10:22:40,30.060000000000002
10:22:41,30.060000000000002
10:22:42,30.060000000000002
10:22:43,30.05
10:22:44,30.05
10:22:45,30.05
10:22:46,30.060000000000002
10:22:47,30.060000000000002
10:22:48,30.060000000000002
10:22:49,30.05
10:22:50,30.05
10:22:51,30.05
10:22:52,30.04
10:22:53,30.04
10:22:54,30.04
10:22:55,30.05
10:22:56,30.05
10:22:57,30.05
10:22:58,30.05
10:22:59,30.05
10:23:00,30.05
10:23:01,30.05
10:23:02,30.05
10:23:03,30.05
10:23:04,30.05
10:23:05,30.05
10:23:06,30.05
10:23:07,30.05
10:23:08,30.05
10:23:09,30.05
10:23:10,30.03
10:23:11,30.03
10:23:12,30.03
10:23:13,30.03
10:23:14,30.03
10:23:15,30.03
10:23:16,30.04
10:23:17,30.02
10:23:18,30.02
10:23:19,30.03
10:23:20,30.03
10:23:21,30.03
10:23:22,30.02
10:23:23,30.009999999999998
10:23:24,30.009999999999998
10:23:25,30.020000000000003
10:23:26,30.03
10:23:27,30.03
10:23:28,30.009999999999998
10:23:29,29.990000000000002
10:23:30,29.990000000000002
10:23:31,29.990000000000002
10:23:32,29.990000000000002
10:23:33,29.990000000000002
10:23:34,29.98
10:23:35,29.97
10:23:36,29.97
10:23:37,29.97
10:23:38,29.97
10:23:39,29.97
10:23:40,29.97
10:23:41,29.98
10:23:42,29.98
10:23:43,29.97
10:23:44,29.96
10:23:45,29.96
10:23:46,29.95
10:23:47,29.95
10:23:48,29.95
10:23:49,29.96
10:23:50,29.96
10:23:51,29.96
10:23:52,29.96
10:23:53,29.96
10:23:54,29.96
10:23:55,29.939999999999998
10:23:56,29.93
10:23:57,29.93
10:23:58,29.93
10:23:59,29.92
10:24:00,29.92
10:24:01,29.92
10:24:02,29.93
10:24:03,29.93
10:24:04,29.92
10:24:05,29.91
10:24:06,29.91
10:24:07,29.93
10:24:08,29.93
10:24:09,29.93
10:24:10,29.93
10:24:11,29.92
10:24:12,29.92
10:24:13,29.91
10:24:14,29.93
10:24:15,29.93
10:24:16,29.91
10:24:17,29.9
10:24:18,29.9
10:24:19,29.91
10:24:20,29.9
10:24:21,29.9
10:24:22,29.89
10:24:23,29.89
10:24:24,29.89
10:24:25,29.880000000000003
10:24:26,29.880000000000003
10:24:27,29.880000000000003
10:24:28,29.89
10:24:29,29.880000000000003
10:24:30,29.880000000000003
10:24:31,29.880000000000003
10:24:32,29.880000000000003
10:24:33,29.880000000000003
10:24:34,29.880000000000003
10:24:35,29.880000000000003
10:24:36,29.880000000000003
10:24:37,29.880000000000003
10:24:38,29.89
10:24:39,29.89
10:24:40,29.86
10:24:41,29.85
10:24:42,29.85
10:24:43,29.86
10:24:44,29.86
10:24:45,29.86
10:24:46,29.86
10:24:47,29.85
10:24:48,29.85
10:24:49,29.84
10:24:50,29.83
10:24:51,29.83
10:24:52,29.84
10:24:53,29.84
10:24:54,29.84
10:24:55,29.82
10:24:56,29.799999999999997
10:24:57,29.799999999999997
10:24:58,29.799999999999997
10:24:59,29.810000000000002
10:25:00,29.810000000000002
10:25:01,29.82
10:25:02,29.81
10:25:03,29.81
10:25:04,29.82
10:25:05,29.81
10:25:06,29.81
10:25:07,29.79
10:25:08,29.79
10:25:09,29.79
10:25:10,29.799999999999997
10:25:11,29.78
10:25:12,29.78
10:25:13,29.77
10:25:14,29.78
10:25:15,29.78
10:25:16,29.79
10:25:17,29.78
10:25:18,29.78
10:25:19,29.77
10:25:20,29.759999999999998
10:25:21,29.759999999999998
10:25:22,29.75
10:25:23,29.73
10:25:24,29.73
10:25:25,29.740000000000002
10:25:26,29.72
10:25:27,29.72
10:25:28,29.71
10:25:29,29.71
10:25:30,29.71
10:25:31,29.71
10:25:32,29.71
10:25:33,29.71
10:25:34,29.7
10:25:35,29.689999999999998
10:25:36,29.689999999999998
10:25:37,29.71
10:25:38,29.689999999999998
10:25:39,29.689999999999998
10:25:40,29.68
10:25:41,29.68
10:25:42,29.68
10:25:43,29.67
10:25:44,29.65
10:25:45,29.65
10:25:46,29.64
10:25:47,29.65
10:25:48,29.65
10:25:49,29.64
10:25:50,29.630000000000003
10:25:51,29.630000000000003
10:25:52,29.64
10:25:53,29.64
10:25:54,29.64
10:25:55,29.64
10:25:56,29.65
10:25:57,29.65
10:25:58,29.65
10:25:59,29.66
10:26:00,29.66
10:26:01,29.66
10:26:02,29.66
10:26:03,29.66
10:26:04,29.64
10:26:05,29.65
10:26:06,29.65
10:26:07,29.66
10:26:08,29.65
10:26:09,29.65
10:26:10,29.65
10:26:11,29.66
10:26:12,29.66
10:26:13,29.65
10:26:14,29.64
10:26:15,29.64
10:26:16,29.64
10:26:17,29.65
10:26:18,29.65
10:26:19,29.64
10:26:20,29.65
10:26:21,29.65
10:26:22,29.65
10:26:23,29.65
10:26:24,29.65
10:26:25,29.67
10:26:26,29.66
10:26:27,29.66
10:26:28,29.64
10:26:29,29.659999999999997
10:26:30,29.659999999999997
10:26:31,29.67
10:26:32,29.66
10:26:33,29.66
10:26:34,29.65
10:26:35,29.659999999999997
10:26:36,29.659999999999997
10:26:37,29.65
10:26:38,29.64
10:26:39,29.64
10:26:40,29.65
10:26:41,29.65
10:26:42,29.65
10:26:43,29.64
10:26:44,29.65
10:26:45,29.65
10:26:46,29.659999999999997
10:26:47,29.67
10:26:48,29.67
10:26:49,29.66
10:26:50,29.65
10:26:51,29.65
10:26:52,29.659999999999997
10:26:53,29.659999999999997
10:26:54,29.659999999999997
10:26:55,29.659999999999997
10:26:56,29.68
10:26:57,29.68
10:26:58,29.68
10:26:59,29.68
10:27:00,29.68
10:27:01,29.66
10:27:02,29.66
10:27:03,29.66
10:27:04,29.67
10:27:05,29.66
10:27:06,29.66
10:27:07,29.66
10:27:08,29.67
10:27:09,29.67
10:27:10,29.67
10:27:11,29.67
10:27:12,29.67
10:27:13,29.66
10:27:14,29.66
10:27:15,29.66
10:27:16,29.65
10:27:17,29.65
10:27:18,29.65
10:27:19,29.65
10:27:20,29.65
10:27:21,29.65
10:27:22,29.66
10:27:23,29.65
10:27:24,29.65
10:27:25,29.66
10:27:26,29.67
10:27:27,29.67
10:27:28,29.65
10:27:29,29.65
10:27:30,29.65
10:27:31,29.66
10:27:32,29.67
10:27:33,29.67
10:27:34,29.66
10:27:35,29.65
10:27:36,29.65
10:27:37,29.67
10:27:38,29.68
10:27:39,29.68
10:27:40,29.66
10:27:41,29.68
10:27:42,29.68
10:27:43,29.68
10:27:44,29.67
10:27:45,29.67
10:27:46,29.66
10:27:47,29.67
10:27:48,29.67
10:27:49,29.68
10:27:50,29.67
10:27:51,29.67
10:27:52,29.7
10:27:53,29.68
10:27:54,29.68
10:27:55,29.68
10:27:56,29.7
10:27:57,29.7
10:27:58,29.689999999999998
10:27:59,29.68
10:28:00,29.68
10:28:01,29.67
10:28:02,29.68
10:28:03,29.68
10:28:04,29.67
10:28:05,29.66
10:28:06,29.66
10:28:07,29.67
10:28:08,29.689999999999998
10:28:09,29.689999999999998
10:28:10,29.68
10:28:11,29.689999999999998
10:28:12,29.689999999999998
10:28:13,29.689999999999998
10:28:14,29.68
10:28:15,29.68
10:28:16,29.67
10:28:17,29.66
10:28:18,29.66
10:28:19,29.65
10:28:20,29.65
10:28:21,29.65
10:28:22,29.65
10:28:23,29.65
10:28:24,29.65
10:28:25,29.619999999999997
10:28:26,29.619999999999997
10:28:27,29.619999999999997
10:28:28,29.64
10:28:29,29.630000000000003
10:28:30,29.630000000000003
10:28:31,29.630000000000003
10:28:32,29.64
10:28:33,29.64
10:28:34,29.630000000000003
10:28:35,29.62
10:28:36,29.62
10:28:37,29.630000000000003
10:28:38,29.630000000000003
10:28:39,29.630000000000003
10:28:40,29.61
10:28:41,29.6
10:28:42,29.6
10:28:43,29.61
10:28:44,29.630000000000003
10:28:45,29.630000000000003
10:28:46,29.619999999999997
10:28:47,29.619999999999997
10:28:48,29.619999999999997
10:28:49,29.630000000000003
10:28:50,29.630000000000003
10:28:51,29.630000000000003
10:28:52,29.619999999999997
10:28:53,29.61
10:28:54,29.61
10:28:55,29.630000000000003
10:28:56,29.62
10:28:57,29.62
10:28:58,29.560000000000002
10:28:59,29.560000000000002
10:29:00,29.560000000000002
10:29:01,29.66
10:29:02,29.67
10:29:03,29.67
10:29:04,29.689999999999998
10:29:05,29.67
10:29:06,29.67
10:29:07,29.67
10:29:08,29.659999999999997
10:29:09,29.659999999999997
10:29:10,29.7
10:29:11,29.72
10:29:12,29.72
10:29:13,29.69
10:29:14,29.68
10:29:15,29.68
10:29:16,29.66
10:29:17,29.66
10:29:18,29.66
10:29:19,29.67
10:29:20,29.689999999999998
10:29:21,29.689999999999998
10:29:22,29.68
10:29:23,29.66
10:29:24,29.66
10:29:25,29.65
10:29:26,29.66
10:29:27,29.66
10:29:28,29.66
10:29:29,29.68
10:29:30,29.68
10:29:31,29.68
10:29:32,29.67
10:29:33,29.67
10:29:34,29.68
10:29:35,29.689999999999998
10:29:36,29.689999999999998
10:29:37,29.7
10:29:38,29.689999999999998
10:29:39,29.689999999999998
10:29:40,29.689999999999998
10:29:41,29.689999999999998
10:29:42,29.689999999999998
10:29:43,29.700000000000003
10:29:44,29.71
10:29:45,29.71
10:29:46,29.7
10:29:47,29.7
10:29:48,29.7
10:29:49,29.7
10:29:50,29.71
10:29:51,29.71
10:29:52,29.72
10:29:53,29.71
10:29:54,29.71
10:29:55,29.689999999999998
10:29:56,29.689999999999998
10:29:57,29.689999999999998
10:29:58,29.689999999999998
10:29:59,29.7
10:30:00,29.7
