Time,Heart Rate
09:00:00,87.908
09:00:01,87.786
09:00:02,87.684
09:00:03,87.6
09:00:04,87.51
09:00:05,87.41900000000001
09:00:06,87.37899999999999
09:00:07,87.32300000000001
09:00:08,87.285
09:00:09,87.227
09:00:10,87.16
09:00:11,87.128
09:00:12,87.12100000000001
09:00:13,87.114
09:00:14,87.101
09:00:15,87.053
09:00:16,87.01
09:00:17,86.975
09:00:18,86.964
09:00:19,86.925
09:00:20,86.85
09:00:21,86.77799999999999
09:00:22,86.709
09:00:23,86.657
09:00:24,86.602
09:00:25,86.535
09:00:26,86.451
09:00:27,86.4
09:00:28,86.311
09:00:29,86.271
09:00:30,86.216
09:00:31,86.106
09:00:32,85.988
09:00:33,85.936
09:00:34,85.88
09:00:35,85.811
09:00:36,85.75399999999999
09:00:37,85.712
09:00:38,85.658
09:00:39,85.646
09:00:40,85.651
09:00:41,85.64399999999999
09:00:42,85.613
09:00:43,85.59700000000001
09:00:44,85.58500000000001
09:00:45,85.58099999999999
09:00:46,85.57300000000001
09:00:47,85.575
09:00:48,85.58200000000001
09:00:49,85.63
09:00:50,85.651
09:00:51,85.674
09:00:52,85.697
09:00:53,85.75
09:00:54,85.804
09:00:55,85.827
09:00:56,85.853
09:00:57,85.816
09:00:58,85.779
09:00:59,85.736
09:01:00,85.717
09:01:01,85.688
09:01:02,85.673
09:01:03,85.667
09:01:04,85.674
09:01:05,85.735
09:01:06,85.667
09:01:07,85.606
09:01:08,85.56
09:01:09,85.55199999999999
09:01:10,85.51599999999999
09:01:11,85.483
09:01:12,85.442
09:01:13,85.41499999999999
09:01:14,85.388
09:01:15,85.352
09:01:16,85.31
09:01:17,85.265
09:01:18,85.221
09:01:19,85.191
09:01:20,85.164
09:01:21,85.163
09:01:22,85.191
09:01:23,85.20700000000001
09:01:24,85.237
09:01:25,85.274
09:01:26,85.332
09:01:27,85.369
09:01:28,85.434
09:01:29,85.474
09:01:30,85.52799999999999
09:01:31,85.6
09:01:32,85.67699999999999
09:01:33,85.681
09:01:34,85.716
09:01:35,85.771
09:01:36,85.8
09:01:37,85.772
09:01:38,85.755
09:01:39,85.75
09:01:40,85.762
09:01:41,85.786
09:01:42,85.804
09:01:43,85.798
09:01:44,85.77799999999999
09:01:45,85.739
09:01:46,85.704
09:01:47,85.637
09:01:48,85.604
09:01:49,85.562
09:01:50,85.511
09:01:51,85.455
09:01:52,85.404
09:01:53,85.35499999999999
09:01:54,85.284
09:01:55,85.272
09:01:56,85.247
09:01:57,85.257
09:01:58,85.259
09:01:59,85.256
09:02:00,85.25699999999999
09:02:01,85.285
09:02:02,85.30199999999999
09:02:03,85.313
09:02:04,85.303
09:02:05,85.251
09:02:06,85.285
09:02:07,85.334
09:02:08,85.364
09:02:09,85.384
09:02:10,85.452
09:02:11,85.521
09:02:12,85.628
09:02:13,85.661
09:02:14,85.749
09:02:15,85.837
09:02:16,85.91
09:02:17,85.986
09:02:18,86.034
09:02:19,86.163
09:02:20,86.285
09:02:21,86.397
09:02:22,86.459
09:02:23,86.572
09:02:24,86.686
09:02:25,86.789
09:02:26,86.87899999999999
09:02:27,86.951
09:02:28,87.005
09:02:29,87.049
09:02:30,87.079
09:02:31,87.075
09:02:32,87.048
09:02:33,87.029
09:02:34,86.94500000000001
09:02:35,86.839
09:02:36,86.772
09:02:37,86.691
09:02:38,86.601
09:02:39,86.499
09:02:40,86.381
09:02:41,86.24
09:02:42,86.104
09:02:43,85.988
09:02:44,85.973
09:02:45,85.975
09:02:46,86.002
09:02:47,86.058
09:02:48,86.1
09:02:49,86.16
09:02:50,86.24199999999999
09:02:51,86.339
09:02:52,86.399
09:02:53,86.432
09:02:54,86.607
09:02:55,86.744
09:02:56,86.949
09:02:57,87.14
09:02:58,87.30999999999999
09:02:59,87.464
09:03:00,87.618
09:03:01,87.785
09:03:02,87.94500000000001
09:03:03,88.082
09:03:04,88.276
09:03:05,88.36
09:03:06,88.52000000000001
09:03:07,88.67699999999999
09:03:08,88.85
09:03:09,89.012
09:03:10,89.142
09:03:11,89.255
09:03:12,89.336
09:03:13,89.48400000000001
09:03:14,89.61
09:03:15,89.712
09:03:16,89.848
09:03:17,89.986
09:03:18,90.134
09:03:19,90.199
09:03:20,90.297
09:03:21,90.375
09:03:22,90.424
09:03:23,90.44500000000001
09:03:24,90.45
09:03:25,90.465
09:03:26,90.491
09:03:27,90.505
09:03:28,90.549
09:03:29,90.638
09:03:30,90.744
09:03:31,90.898
09:03:32,91.084
09:03:33,91.268
09:03:34,91.512
09:03:35,91.724
09:03:36,91.90700000000001
09:03:37,92.154
09:03:38,92.39500000000001
09:03:39,92.599
09:03:40,92.814
09:03:41,93.056
09:03:42,93.33500000000001
09:03:43,93.611
09:03:44,93.824
09:03:45,94.032
09:03:46,94.191
09:03:47,94.378
09:03:48,94.543
09:03:49,94.67099999999999
09:03:50,94.804
09:03:51,94.937
09:03:52,95.122
09:03:53,95.30699999999999
09:03:54,95.429
09:03:55,95.549
09:03:56,95.606
09:03:57,95.699
09:03:58,95.74300000000001
09:03:59,95.75399999999999
09:04:00,95.773
09:04:01,95.787
09:04:02,95.81700000000001
09:04:03,95.904
09:04:04,95.954
09:04:05,96.09299999999999
09:04:06,96.183
09:04:07,96.332
09:04:08,96.382
09:04:09,96.479
09:04:10,96.589
09:04:11,96.69800000000001
09:04:12,96.768
09:04:13,96.843
09:04:14,96.88300000000001
09:04:15,96.964
09:04:16,97.047
09:04:17,97.131
09:04:18,97.24000000000001
09:04:19,97.34400000000001
09:04:20,97.41900000000001
09:04:21,97.464
09:04:22,97.571
09:04:23,97.69500000000001
09:04:24,97.829
09:04:25,98.041
09:04:26,98.27000000000001
09:04:27,98.52000000000001
09:04:28,98.78099999999999
09:04:29,98.97999999999999
09:04:30,99.172
09:04:31,99.38
09:04:32,99.588
09:04:33,99.584
09:04:34,99.569
09:04:35,99.591
09:04:36,99.587
09:04:37,99.59299999999999
09:04:38,99.612
09:04:39,99.625
09:04:40,99.622
09:04:41,99.632
09:04:42,99.578
09:04:43,99.551
09:04:44,99.502
09:04:45,99.441
09:04:46,99.33500000000001
09:04:47,99.187
09:04:48,99.022
09:04:49,98.888
09:04:50,98.755
09:04:51,98.628
09:04:52,98.498
09:04:53,98.39500000000001
09:04:54,98.242
09:04:55,98.088
09:04:56,97.941
09:04:57,97.75800000000001
09:04:58,97.639
09:04:59,97.642
09:05:00,97.638
09:05:01,97.602
09:05:02,97.56800000000001
09:05:03,97.514
09:05:04,97.476
09:05:05,97.41
09:05:06,97.33399999999999
09:05:07,97.139
09:05:08,96.979
09:05:09,96.80499999999999
09:05:10,96.58099999999999
09:05:11,96.35499999999999
09:05:12,96.12100000000001
09:05:13,95.89399999999999
09:05:14,95.66499999999999
09:05:15,95.431
09:05:16,95.166
09:05:17,94.901
09:05:18,94.635
09:05:19,94.378
09:05:20,94.138
09:05:21,93.926
09:05:22,93.671
09:05:23,93.389
09:05:24,93.051
09:05:25,92.68199999999999
09:05:26,92.303
09:05:27,91.897
09:05:28,91.453
09:05:29,90.993
09:05:30,90.53999999999999
09:05:31,90.075
09:05:32,89.615
09:05:33,89.39
09:05:34,89.163
09:05:35,88.97200000000001
09:05:36,88.84
09:05:37,88.674
09:05:38,88.512
09:05:39,88.36
09:05:40,88.209
09:05:41,88.027
09:05:42,87.885
09:05:43,87.85900000000001
09:05:44,87.844
09:05:45,87.851
09:05:46,87.91499999999999
09:05:47,87.994
09:05:48,88.077
09:05:49,88.174
09:05:50,88.252
09:05:51,88.328
09:05:52,88.421
09:05:53,88.514
09:05:54,88.623
09:05:55,88.731
09:05:56,88.849
09:05:57,88.96900000000001
09:05:58,88.892
09:05:59,88.747
09:06:00,88.59700000000001
09:06:01,88.433
09:06:02,88.289
09:06:03,88.13300000000001
09:06:04,87.92
09:06:05,87.739
09:06:06,87.53999999999999
09:06:07,87.495
09:06:08,87.489
09:06:09,87.477
09:06:10,87.467
09:06:11,87.497
09:06:12,87.547
09:06:13,87.59
09:06:14,87.646
09:06:15,87.747
09:06:16,87.885
09:06:17,88.02000000000001
09:06:18,88.133
09:06:19,88.285
09:06:20,88.44300000000001
09:06:21,88.606
09:06:22,88.769
09:06:23,88.918
09:06:24,89.115
09:06:25,89.256
09:06:26,89.388
09:06:27,89.548
09:06:28,89.682
09:06:29,89.873
09:06:30,90.021
09:06:31,90.173
09:06:32,90.317
09:06:33,90.449
09:06:34,90.575
09:06:35,90.664
09:06:36,90.747
09:06:37,90.884
09:06:38,91.005
09:06:39,91.123
09:06:40,91.251
09:06:41,91.401
09:06:42,91.538
09:06:43,91.579
09:06:44,91.58200000000001
09:06:45,91.55499999999999
09:06:46,91.547
09:06:47,91.53
09:06:48,91.601
09:06:49,91.635
09:06:50,91.687
09:06:51,91.723
09:06:52,91.741
09:06:53,91.738
09:06:54,91.70700000000001
09:06:55,91.702
09:06:56,91.69500000000001
09:06:57,91.681
09:06:58,91.872
09:06:59,92.046
09:07:00,92.201
09:07:01,92.361
09:07:02,92.47200000000001
09:07:03,92.575
09:07:04,92.712
09:07:05,92.816
09:07:06,92.95700000000001
09:07:07,93.011
09:07:08,93.05699999999999
09:07:09,93.084
09:07:10,93.158
09:07:11,93.21000000000001
09:07:12,93.272
09:07:13,93.338
09:07:14,93.394
09:07:15,93.40299999999999
09:07:16,93.44
09:07:17,93.474
09:07:18,93.523
09:07:19,93.549
09:07:20,93.574
09:07:21,93.583
09:07:22,93.638
09:07:23,93.702
09:07:24,93.76
09:07:25,93.837
09:07:26,93.89500000000001
09:07:27,93.991
09:07:28,94.137
09:07:29,94.245
09:07:30,94.387
09:07:31,94.529
09:07:32,94.664
09:07:33,94.799
09:07:34,94.919
09:07:35,95.027
09:07:36,95.115
09:07:37,95.223
09:07:38,95.319
09:07:39,95.41900000000001
09:07:40,95.47999999999999
09:07:41,95.54400000000001
09:07:42,95.6
09:07:43,95.654
09:07:44,95.766
09:07:45,95.87899999999999
09:07:46,95.978
09:07:47,96.065
09:07:48,96.079
09:07:49,96.08
09:07:50,96.018
09:07:51,95.97
09:07:52,95.923
09:07:53,95.866
09:07:54,95.818
09:07:55,95.774
09:07:56,95.727
09:07:57,95.72
09:07:58,95.70700000000001
09:07:59,95.719
09:08:00,95.74600000000001
09:08:01,95.806
09:08:02,95.885
09:08:03,95.97099999999999
09:08:04,96.03
09:08:05,96.16499999999999
09:08:06,96.271
09:08:07,96.342
09:08:08,96.42699999999999
09:08:09,96.477
09:08:10,96.51
09:08:11,96.535
09:08:12,96.559
09:08:13,96.553
09:08:14,96.545
09:08:15,96.561
09:08:16,96.53
09:08:17,96.512
09:08:18,96.5
09:08:19,96.481
09:08:20,96.47999999999999
09:08:21,96.473
09:08:22,96.426
09:08:23,96.387
09:08:24,96.354
09:08:25,96.315
09:08:26,96.293
09:08:27,96.23100000000001
09:08:28,96.139
09:08:29,96.05699999999999
09:08:30,95.96900000000001
09:08:31,95.888
09:08:32,95.808
09:08:33,95.74300000000001
09:08:34,95.682
09:08:35,95.64500000000001
09:08:36,95.596
09:08:37,95.483
09:08:38,95.384
09:08:39,95.274
09:08:40,95.162
09:08:41,95.026
09:08:42,94.884
09:08:43,94.73400000000001
09:08:44,94.567
09:08:45,94.40799999999999
09:08:46,94.25399999999999
09:08:47,94.126
09:08:48,94.019
09:08:49,93.928
09:08:50,93.89399999999999
09:08:51,93.834
09:08:52,93.8
09:08:53,93.765
09:08:54,93.728
09:08:55,93.587
09:08:56,93.41
09:08:57,93.235
09:08:58,93.074
09:08:59,92.888
09:09:00,92.717
09:09:01,92.561
09:09:02,92.414
09:09:03,92.237
09:09:04,92.118
09:09:05,91.95
09:09:06,91.81
09:09:07,91.63199999999999
09:09:08,91.451
09:09:09,91.307
09:09:10,91.19300000000001
09:09:11,91.026
09:09:12,90.873
09:09:13,90.736
09:09:14,90.608
09:09:15,90.487
09:09:16,90.353
09:09:17,90.223
09:09:18,90.103
09:09:19,89.966
09:09:20,89.79400000000001
09:09:21,89.655
09:09:22,89.50399999999999
09:09:23,89.466
09:09:24,89.436
09:09:25,89.40299999999999
09:09:26,89.373
09:09:27,89.28200000000001
09:09:28,89.314
09:09:29,89.386
09:09:30,89.499
09:09:31,89.613
09:09:32,89.728
09:09:33,89.80499999999999
09:09:34,89.853
09:09:35,89.898
09:09:36,89.96000000000001
09:09:37,90.02000000000001
09:09:38,90.07300000000001
09:09:39,90.124
09:09:40,90.199
09:09:41,90.238
09:09:42,90.286
09:09:43,90.301
09:09:44,90.229
09:09:45,90.16
09:09:46,90.1
09:09:47,90.03299999999999
09:09:48,89.937
09:09:49,89.91
09:09:50,89.737
09:09:51,89.678
09:09:52,89.596
09:09:53,89.562
09:09:54,89.55
09:09:55,89.604
09:09:56,89.68
09:09:57,89.71900000000001
09:09:58,89.748
09:09:59,89.777
09:10:00,89.80699999999999
09:10:01,89.83099999999999
09:10:02,89.83099999999999
09:10:03,89.865
09:10:04,89.868
09:10:05,89.864
09:10:06,89.865
09:10:07,89.924
09:10:08,90.003
09:10:09,90.06
09:10:10,90.088
09:10:11,90.178
09:10:12,90.318
09:10:13,90.509
09:10:14,90.678
09:10:15,90.81
09:10:16,90.971
09:10:17,91.16
09:10:18,91.325
09:10:19,91.50399999999999
09:10:20,91.7
09:10:21,91.87899999999999
09:10:22,92.078
09:10:23,92.189
09:10:24,92.311
09:10:25,92.436
09:10:26,92.495
09:10:27,92.59700000000001
09:10:28,92.599
09:10:29,92.58099999999999
09:10:30,92.574
09:10:31,92.541
09:10:32,92.502
09:10:33,92.462
09:10:34,92.43199999999999
09:10:35,92.38
09:10:36,92.314
09:10:37,92.271
09:10:38,92.238
09:10:39,92.204
09:10:40,92.18199999999999
09:10:41,92.223
09:10:42,92.248
09:10:43,92.286
09:10:44,92.4
09:10:45,92.525
09:10:46,92.628
09:10:47,92.721
09:10:48,92.786
09:10:49,92.72
09:10:50,92.86
09:10:51,92.951
09:10:52,92.99199999999999
09:10:53,92.977
09:10:54,92.946
09:10:55,92.96700000000001
09:10:56,92.978
09:10:57,93.03099999999999
09:10:58,93.045
09:10:59,93.054
09:11:00,93.067
09:11:01,93.077
09:11:02,93.08
09:11:03,93.062
09:11:04,93.05499999999999
09:11:05,93.039
09:11:06,93.046
09:11:07,93.087
09:11:08,93.122
09:11:09,93.159
09:11:10,93.227
09:11:11,93.288
09:11:12,93.252
09:11:13,93.188
09:11:14,93.15599999999999
09:11:15,93.144
09:11:16,93.114
09:11:17,93.042
09:11:18,92.967
09:11:19,92.889
09:11:20,92.801
09:11:21,92.72
09:11:22,92.636
09:11:23,92.539
09:11:24,92.39099999999999
09:11:25,92.229
09:11:26,92.14399999999999
09:11:27,92.082
09:11:28,92.03200000000001
09:11:29,91.94
09:11:30,91.78999999999999
09:11:31,91.692
09:11:32,91.569
09:11:33,91.477
09:11:34,91.41
09:11:35,91.35499999999999
09:11:36,91.312
09:11:37,91.28
09:11:38,91.232
09:11:39,91.19500000000001
09:11:40,91.186
09:11:41,91.16
09:11:42,91.134
09:11:43,91.128
09:11:44,91.115
09:11:45,91.102
09:11:46,91.09400000000001
09:11:47,91.112
09:11:48,91.148
09:11:49,91.22999999999999
09:11:50,91.272
09:11:51,91.26599999999999
09:11:52,91.318
09:11:53,91.303
09:11:54,91.285
09:11:55,91.22
09:11:56,91.146
09:11:57,91.067
09:11:58,91.01599999999999
09:11:59,90.96900000000001
09:12:00,90.897
09:12:01,90.851
09:12:02,90.82000000000001
09:12:03,90.798
09:12:04,90.772
09:12:05,90.76599999999999
09:12:06,90.726
09:12:07,90.66
09:12:08,90.576
09:12:09,90.515
09:12:10,90.41
09:12:11,90.32000000000001
09:12:12,90.248
09:12:13,90.161
09:12:14,90.103
09:12:15,90.03
09:12:16,89.966
09:12:17,89.89500000000001
09:12:18,89.831
09:12:19,89.767
09:12:20,89.708
09:12:21,89.602
09:12:22,89.497
09:12:23,89.394
09:12:24,89.313
09:12:25,89.24199999999999
09:12:26,89.16
09:12:27,89.061
09:12:28,88.947
09:12:29,88.869
09:12:30,88.797
09:12:31,88.685
09:12:32,88.591
09:12:33,88.501
09:12:34,88.40599999999999
09:12:35,88.311
09:12:36,88.208
09:12:37,88.066
09:12:38,87.92
09:12:39,87.799
09:12:40,87.64099999999999
09:12:41,87.51899999999999
09:12:42,87.421
09:12:43,87.299
09:12:44,87.174
09:12:45,87.08099999999999
09:12:46,86.98400000000001
09:12:47,86.864
09:12:48,86.729
09:12:49,86.612
09:12:50,86.493
09:12:51,86.39099999999999
09:12:52,86.26599999999999
09:12:53,86.228
09:12:54,86.185
09:12:55,86.143
09:12:56,86.127
09:12:57,86.10799999999999
09:12:58,86.104
09:12:59,86.13
09:13:00,86.171
09:13:01,86.17699999999999
09:13:02,86.163
09:13:03,86.17
09:13:04,86.15700000000001
09:13:05,86.15
09:13:06,86.154
09:13:07,86.136
09:13:08,86.113
09:13:09,86.072
09:13:10,86.187
09:13:11,86.287
09:13:12,86.41900000000001
09:13:13,86.51599999999999
09:13:14,86.583
09:13:15,86.674
09:13:16,86.779
09:13:17,87.002
09:13:18,87.224
09:13:19,87.42
09:13:20,87.644
09:13:21,87.921
09:13:22,88.149
09:13:23,88.349
09:13:24,88.527
09:13:25,88.689
09:13:26,88.864
09:13:27,89.023
09:13:28,89.189
09:13:29,89.35799999999999
09:13:30,89.503
09:13:31,89.65299999999999
09:13:32,89.798
09:13:33,89.951
09:13:34,90.178
09:13:35,90.38
09:13:36,90.592
09:13:37,90.804
09:13:38,91.021
09:13:39,91.225
09:13:40,91.417
09:13:41,91.548
09:13:42,91.656
09:13:43,91.74199999999999
09:13:44,91.745
09:13:45,91.75800000000001
09:13:46,91.768
09:13:47,91.784
09:13:48,91.8
09:13:49,91.829
09:13:50,91.853
09:13:51,91.833
09:13:52,91.82000000000001
09:13:53,91.834
09:13:54,91.80799999999999
09:13:55,91.788
09:13:56,91.76
09:13:57,91.718
09:13:58,91.688
09:13:59,91.63199999999999
09:14:00,91.547
09:14:01,91.506
09:14:02,91.464
09:14:03,91.422
09:14:04,91.392
09:14:05,91.337
09:14:06,91.297
09:14:07,91.28
09:14:08,91.268
09:14:09,91.245
09:14:10,91.09
09:14:11,90.954
09:14:12,90.78
09:14:13,90.642
09:14:14,90.475
09:14:15,90.298
09:14:16,90.10900000000001
09:14:17,89.873
09:14:18,89.637
09:14:19,89.385
09:14:20,89.12100000000001
09:14:21,88.89099999999999
09:14:22,88.712
09:14:23,88.545
09:14:24,88.463
09:14:25,88.397
09:14:26,88.329
09:14:27,88.294
09:14:28,88.235
09:14:29,88.181
09:14:30,88.126
09:14:31,88.081
09:14:32,88.123
09:14:33,88.11800000000001
09:14:34,88.06
09:14:35,88.036
09:14:36,87.952
09:14:37,87.892
09:14:38,87.85900000000001
09:14:39,87.812
09:14:40,87.767
09:14:41,87.751
09:14:42,87.761
09:14:43,87.824
09:14:44,87.98400000000001
09:14:45,88.071
09:14:46,88.159
09:14:47,88.28099999999999
09:14:48,88.433
09:14:49,88.576
09:14:50,88.755
09:14:51,88.973
09:14:52,89.207
09:14:53,89.387
09:14:54,89.624
09:14:55,89.86099999999999
09:14:56,90.087
09:14:57,90.375
09:14:58,90.637
09:14:59,90.908
09:15:00,91.27799999999999
09:15:01,91.532
09:15:02,91.816
09:15:03,92.086
09:15:04,92.327
09:15:05,92.583
09:15:06,92.815
09:15:07,93.013
09:15:08,93.19500000000001
09:15:09,93.42699999999999
09:15:10,93.664
09:15:11,93.852
09:15:12,94.018
09:15:13,94.187
09:15:14,94.351
09:15:15,94.49600000000001
09:15:16,94.64500000000001
09:15:17,94.756
09:15:18,94.826
09:15:19,94.93499999999999
09:15:20,95.014
09:15:21,95.071
09:15:22,95.131
09:15:23,95.162
09:15:24,95.09
09:15:25,94.979
09:15:26,94.967
09:15:27,94.995
09:15:28,94.84700000000001
09:15:29,94.663
09:15:30,94.486
09:15:31,94.31700000000001
09:15:32,94.054
09:15:33,93.788
09:15:34,93.481
09:15:35,93.239
09:15:36,93.061
09:15:37,92.917
09:15:38,92.777
09:15:39,92.64
09:15:40,92.511
09:15:41,92.372
09:15:42,92.16499999999999
09:15:43,92.05499999999999
09:15:44,91.863
09:15:45,91.69800000000001
09:15:46,91.523
09:15:47,91.32300000000001
09:15:48,91.10999999999999
09:15:49,90.893
09:15:50,90.57300000000001
09:15:51,90.239
09:15:52,89.887
09:15:53,89.579
09:15:54,89.26599999999999
09:15:55,88.99300000000001
09:15:56,88.733
09:15:57,88.428
09:15:58,88.096
09:15:59,87.749
09:16:00,87.33
09:16:01,86.975
09:16:02,86.611
09:16:03,86.26700000000001
09:16:04,85.966
09:16:05,85.688
09:16:06,85.422
09:16:07,85.15599999999999
09:16:08,84.914
09:16:09,84.67
09:16:10,84.416
09:16:11,84.204
09:16:12,84.005
09:16:13,83.78099999999999
09:16:14,83.575
09:16:15,83.377
09:16:16,83.163
09:16:17,82.91900000000001
09:16:18,82.711
09:16:19,82.52000000000001
09:16:20,82.292
09:16:21,82.056
09:16:22,81.81
09:16:23,81.61
09:16:24,81.458
09:16:25,81.36
09:16:26,81.152
09:16:27,80.87899999999999
09:16:28,80.824
09:16:29,80.808
09:16:30,80.85499999999999
09:16:31,80.958
09:16:32,81.062
09:16:33,81.19
09:16:34,81.36
09:16:35,81.461
09:16:36,81.636
09:16:37,81.77799999999999
09:16:38,81.889
09:16:39,81.99199999999999
09:16:40,82.144
09:16:41,82.26
09:16:42,82.408
09:16:43,82.421
09:16:44,82.53399999999999
09:16:45,82.644
09:16:46,82.749
09:16:47,82.854
09:16:48,82.946
09:16:49,83.03
09:16:50,83.19399999999999
09:16:51,83.365
09:16:52,83.477
09:16:53,83.584
09:16:54,83.664
09:16:55,83.714
09:16:56,83.755
09:16:57,83.796
09:16:58,83.889
09:16:59,84.024
09:17:00,84.175
09:17:01,84.32300000000001
09:17:02,84.46600000000001
09:17:03,84.62899999999999
09:17:04,84.728
09:17:05,84.78099999999999
09:17:06,84.826
09:17:07,84.885
09:17:08,84.94399999999999
09:17:09,84.985
09:17:10,85.046
09:17:11,85.115
09:17:12,85.19
09:17:13,85.284
09:17:14,85.404
09:17:15,85.51599999999999
09:17:16,85.603
09:17:17,85.694
09:17:18,85.794
09:17:19,85.865
09:17:20,85.99199999999999
09:17:21,86.12
09:17:22,86.32300000000001
09:17:23,86.512
09:17:24,86.599
09:17:25,86.64
09:17:26,86.678
09:17:27,86.748
09:17:28,86.797
09:17:29,86.81
09:17:30,86.786
09:17:31,86.69200000000001
09:17:32,86.62100000000001
09:17:33,86.529
09:17:34,86.414
09:17:35,86.284
09:17:36,86.063
09:17:37,85.811
09:17:38,85.603
09:17:39,85.43100000000001
09:17:40,85.224
09:17:41,85.012
09:17:42,84.828
09:17:43,84.696
09:17:44,84.52000000000001
09:17:45,84.36
09:17:46,84.219
09:17:47,84.095
09:17:48,83.955
09:17:49,83.828
09:17:50,83.66799999999999
09:17:51,83.548
09:17:52,83.58099999999999
09:17:53,83.633
09:17:54,83.714
09:17:55,83.801
09:17:56,83.90700000000001
09:17:57,84.002
09:17:58,84.095
09:17:59,84.15
09:18:00,84.19
09:18:01,84.216
09:18:02,84.207
09:18:03,84.178
09:18:04,84.203
09:18:05,84.235
09:18:06,84.275
09:18:07,84.311
09:18:08,84.325
09:18:09,84.338
09:18:10,84.321
09:18:11,84.292
09:18:12,84.263
09:18:13,84.221
09:18:14,84.176
09:18:15,84.12899999999999
09:18:16,84.122
09:18:17,84.103
09:18:18,84.09700000000001
09:18:19,84.103
09:18:20,84.09
09:18:21,84.08
09:18:22,83.99
09:18:23,83.911
09:18:24,83.949
09:18:25,84.025
09:18:26,84.119
09:18:27,84.158
09:18:28,84.15299999999999
09:18:29,84.17699999999999
09:18:30,84.179
09:18:31,84.23400000000001
09:18:32,84.261
09:18:33,84.303
09:18:34,84.411
09:18:35,84.525
09:18:36,84.659
09:18:37,84.803
09:18:38,84.888
09:18:39,84.947
09:18:40,85.005
09:18:41,85.09700000000001
09:18:42,85.181
09:18:43,85.209
09:18:44,85.255
09:18:45,85.317
09:18:46,85.37
09:18:47,85.42
09:18:48,85.524
09:18:49,85.635
09:18:50,85.763
09:18:51,85.856
09:18:52,85.828
09:18:53,85.781
09:18:54,85.71799999999999
09:18:55,85.624
09:18:56,85.489
09:18:57,85.358
09:18:58,85.199
09:18:59,85.06
09:19:00,84.894
09:19:01,84.75399999999999
09:19:02,84.63199999999999
09:19:03,84.488
09:19:04,84.365
09:19:05,84.341
09:19:06,84.30699999999999
09:19:07,84.28
09:19:08,84.27000000000001
09:19:09,84.228
09:19:10,84.212
09:19:11,84.167
09:19:12,84.147
09:19:13,84.15299999999999
09:19:14,84.147
09:19:15,84.155
09:19:16,84.171
09:19:17,84.215
09:19:18,84.276
09:19:19,84.325
09:19:20,84.386
09:19:21,84.439
09:19:22,84.5
09:19:23,84.55
09:19:24,84.583
09:19:25,84.62
09:19:26,84.638
09:19:27,84.708
09:19:28,84.816
09:19:29,84.924
09:19:30,85.012
09:19:31,85.05600000000001
09:19:32,85.111
09:19:33,85.18499999999999
09:19:34,85.162
09:19:35,85.16
09:19:36,85.164
09:19:37,85.15299999999999
09:19:38,85.216
09:19:39,85.249
09:19:40,85.288
09:19:41,85.339
09:19:42,85.394
09:19:43,85.49
09:19:44,85.58200000000001
09:19:45,85.66
09:19:46,85.725
09:19:47,85.732
09:19:48,85.70700000000001
09:19:49,85.659
09:19:50,85.539
09:19:51,85.421
09:19:52,85.34
09:19:53,85.275
09:19:54,85.209
09:19:55,85.148
09:19:56,85.101
09:19:57,84.982
09:19:58,84.848
09:19:59,84.705
09:20:00,84.588
09:20:01,84.45700000000001
09:20:02,84.33099999999999
09:20:03,84.21000000000001
09:20:04,84.072
09:20:05,83.837
09:20:06,83.624
09:20:07,83.41
09:20:08,83.21000000000001
09:20:09,83.038
09:20:10,82.86800000000001
09:20:11,82.708
09:20:12,82.559
09:20:13,82.421
09:20:14,82.286
09:20:15,82.15299999999999
09:20:16,82.002
09:20:17,81.836
09:20:18,81.649
09:20:19,81.473
09:20:20,81.313
09:20:21,81.163
09:20:22,81.012
09:20:23,80.89099999999999
09:20:24,80.75800000000001
09:20:25,80.625
09:20:26,80.488
09:20:27,80.342
09:20:28,80.22999999999999
09:20:29,80.11699999999999
09:20:30,79.988
09:20:31,79.885
09:20:32,79.785
09:20:33,79.65599999999999
09:20:34,79.56899999999999
09:20:35,79.46000000000001
09:20:36,79.385
09:20:37,79.309
09:20:38,79.19500000000001
09:20:39,79.2
09:20:40,79.178
09:20:41,79.147
09:20:42,79.124
09:20:43,79.086
09:20:44,79.05
09:20:45,78.977
09:20:46,78.931
09:20:47,78.944
09:20:48,78.94800000000001
09:20:49,78.966
09:20:50,79.043
09:20:51,79.11800000000001
09:20:52,79.174
09:20:53,79.225
09:20:54,79.29400000000001
09:20:55,79.38300000000001
09:20:56,79.461
09:20:57,79.607
09:20:58,79.764
09:20:59,79.94
09:21:00,80.116
09:21:01,80.31
09:21:02,80.513
09:21:03,80.691
09:21:04,80.88300000000001
09:21:05,81.067
09:21:06,81.208
09:21:07,81.289
09:21:08,81.384
09:21:09,81.478
09:21:10,81.559
09:21:11,81.654
09:21:12,81.713
09:21:13,81.72
09:21:14,81.771
09:21:15,81.833
09:21:16,81.901
09:21:17,82.00800000000001
09:21:18,82.117
09:21:19,82.215
09:21:20,82.285
09:21:21,82.356
09:21:22,82.452
09:21:23,82.50399999999999
09:21:24,82.564
09:21:25,82.634
09:21:26,82.696
09:21:27,82.758
09:21:28,82.789
09:21:29,82.813
09:21:30,82.85499999999999
09:21:31,82.913
09:21:32,82.975
09:21:33,83.046
09:21:34,83.106
09:21:35,83.191
09:21:36,83.216
09:21:37,83.249
09:21:38,83.272
09:21:39,83.19
09:21:40,83.127
09:21:41,83.059
09:21:42,82.989
09:21:43,82.89500000000001
09:21:44,82.791
09:21:45,82.71799999999999
09:21:46,82.631
09:21:47,82.6
09:21:48,82.64
09:21:49,82.685
09:21:50,82.776
09:21:51,82.863
09:21:52,82.946
09:21:53,83.004
09:21:54,83.075
09:21:55,83.111
09:21:56,83.199
09:21:57,83.289
09:21:58,83.402
09:21:59,83.497
09:22:00,83.606
09:22:01,83.66799999999999
09:22:02,83.743
09:22:03,83.84700000000001
09:22:04,83.887
09:22:05,83.934
09:22:06,84.012
09:22:07,84.16
09:22:08,84.25
09:22:09,84.349
09:22:10,84.45
09:22:11,84.563
09:22:12,84.687
09:22:13,84.836
09:22:14,84.961
09:22:15,85.072
09:22:16,85.164
09:22:17,85.283
09:22:18,85.397
09:22:19,85.49600000000001
09:22:20,85.614
09:22:21,85.723
09:22:22,85.806
09:22:23,85.892
09:22:24,85.97
09:22:25,86.037
09:22:26,86.12100000000001
09:22:27,86.22999999999999
09:22:28,86.366
09:22:29,86.498
09:22:30,86.65299999999999
09:22:31,86.76899999999999
09:22:32,86.88399999999999
09:22:33,87.012
09:22:34,87.155
09:22:35,87.308
09:22:36,87.494
09:22:37,87.69800000000001
09:22:38,87.922
09:22:39,88.146
09:22:40,88.38
09:22:41,88.63
09:22:42,88.853
09:22:43,89.096
09:22:44,89.353
09:22:45,89.66499999999999
09:22:46,89.995
09:22:47,90.231
09:22:48,90.41
09:22:49,90.56
09:22:50,90.672
09:22:51,90.792
09:22:52,90.906
09:22:53,91.014
09:22:54,91.10600000000001
09:22:55,91.401
09:22:56,91.655
09:22:57,91.916
09:22:58,92.128
09:22:59,92.358
09:23:00,92.578
09:23:01,92.826
09:23:02,93.055
09:23:03,93.251
09:23:04,93.473
09:23:05,93.736
09:23:06,93.98400000000001
09:23:07,94.208
09:23:08,94.45599999999999
09:23:09,94.689
09:23:10,94.922
09:23:11,95.138
09:23:12,95.32000000000001
09:23:13,95.52000000000001
09:23:14,95.686
09:23:15,95.837
09:23:16,96.011
09:23:17,96.135
09:23:18,96.199
09:23:19,96.284
09:23:20,96.361
09:23:21,96.438
09:23:22,96.45
09:23:23,96.478
09:23:24,96.499
09:23:25,96.559
09:23:26,96.624
09:23:27,96.689
09:23:28,96.747
09:23:29,96.803
09:23:30,96.867
09:23:31,96.958
09:23:32,97.09700000000001
09:23:33,97.288
09:23:34,97.485
09:23:35,97.706
09:23:36,97.918
09:23:37,98.104
09:23:38,98.20899999999999
09:23:39,98.334
09:23:40,98.436
09:23:41,98.559
09:23:42,98.66900000000001
09:23:43,98.65599999999999
09:23:44,98.67999999999999
09:23:45,98.654
09:23:46,98.604
09:23:47,98.567
09:23:48,98.546
09:23:49,98.563
09:23:50,98.60600000000001
09:23:51,98.614
09:23:52,98.635
09:23:53,98.67999999999999
09:23:54,98.713
09:23:55,98.56800000000001
09:23:56,98.428
09:23:57,98.293
09:23:58,98.173
09:23:59,98.038
09:24:00,97.913
09:24:01,97.812
09:24:02,97.702
09:24:03,97.638
09:24:04,97.57300000000001
09:24:05,97.47
09:24:06,97.40299999999999
09:24:07,97.348
09:24:08,97.31800000000001
09:24:09,97.311
09:24:10,97.298
09:24:11,97.30699999999999
09:24:12,97.368
09:24:13,97.41499999999999
09:24:14,97.466
09:24:15,97.527
09:24:16,97.56
09:24:17,97.612
09:24:18,97.702
09:24:19,97.77799999999999
09:24:20,97.854
09:24:21,97.936
09:24:22,98.069
09:24:23,98.19500000000001
09:24:24,98.327
09:24:25,98.414
09:24:26,98.485
09:24:27,98.495
09:24:28,98.47200000000001
09:24:29,98.432
09:24:30,98.383
09:24:31,98.362
09:24:32,98.288
09:24:33,98.136
09:24:34,97.99600000000001
09:24:35,97.803
09:24:36,97.612
09:24:37,97.38
09:24:38,97.224
09:24:39,97.03999999999999
09:24:40,96.86
09:24:41,96.663
09:24:42,96.50800000000001
09:24:43,96.465
09:24:44,96.44399999999999
09:24:45,96.428
09:24:46,96.392
09:24:47,96.36
09:24:48,96.334
09:24:49,96.326
09:24:50,96.263
09:24:51,96.253
09:24:52,96.205
09:24:53,96.131
09:24:54,96.069
09:24:55,95.998
09:24:56,95.933
09:24:57,95.846
09:24:58,95.739
09:24:59,95.62899999999999
09:25:00,95.547
09:25:01,95.476
09:25:02,95.425
09:25:03,95.366
09:25:04,95.33
09:25:05,95.332
09:25:06,95.31
09:25:07,95.284
09:25:08,95.244
09:25:09,95.169
09:25:10,95.107
09:25:11,95.023
09:25:12,94.907
09:25:13,94.791
09:25:14,94.679
09:25:15,94.566
09:25:16,94.425
09:25:17,94.27000000000001
09:25:18,94.13300000000001
09:25:19,94.02000000000001
09:25:20,93.881
09:25:21,93.744
09:25:22,93.61699999999999
09:25:23,93.491
09:25:24,93.351
09:25:25,93.237
09:25:26,93.13300000000001
09:25:27,93.05499999999999
09:25:28,92.965
09:25:29,92.888
09:25:30,92.801
09:25:31,92.684
09:25:32,92.583
09:25:33,92.506
09:25:34,92.38
09:25:35,92.28099999999999
09:25:36,92.19399999999999
09:25:37,92.19500000000001
09:25:38,92.201
09:25:39,92.261
09:25:40,92.341
09:25:41,92.41499999999999
09:25:42,92.478
09:25:43,92.529
09:25:44,92.54400000000001
09:25:45,92.53299999999999
09:25:46,92.548
09:25:47,92.59700000000001
09:25:48,92.64
09:25:49,92.603
09:25:50,92.62100000000001
09:25:51,92.612
09:25:52,92.637
09:25:53,92.676
09:25:54,92.714
09:25:55,92.814
09:25:56,92.878
09:25:57,92.978
09:25:58,93.099
09:25:59,93.248
09:26:00,93.357
09:26:01,93.461
09:26:02,93.538
09:26:03,93.588
09:26:04,93.63300000000001
09:26:05,93.627
09:26:06,93.626
09:26:07,93.627
09:26:08,93.63399999999999
09:26:09,93.648
09:26:10,93.62100000000001
09:26:11,93.612
09:26:12,93.622
09:26:13,93.64099999999999
09:26:14,93.643
09:26:15,93.713
09:26:16,93.81700000000001
09:26:17,93.929
09:26:18,94.05199999999999
09:26:19,94.199
09:26:20,94.441
09:26:21,94.74199999999999
09:26:22,95.03099999999999
09:26:23,95.328
09:26:24,95.667
09:26:25,95.973
09:26:26,96.28099999999999
09:26:27,96.565
09:26:28,96.85900000000001
09:26:29,97.169
09:26:30,97.515
09:26:31,97.838
09:26:32,98.132
09:26:33,98.43199999999999
09:26:34,98.744
09:26:35,99.015
09:26:36,99.26700000000001
09:26:37,99.364
09:26:38,99.45599999999999
09:26:39,99.519
09:26:40,99.707
09:26:41,99.898
09:26:42,100.115
09:26:43,100.356
09:26:44,100.351
09:26:45,100.361
09:26:46,100.33200000000001
09:26:47,100.28099999999999
09:26:48,100.17699999999999
09:26:49,100.098
09:26:50,100.005
09:26:51,99.923
09:26:52,99.856
09:26:53,99.788
09:26:54,99.791
09:26:55,99.744
09:26:56,99.736
09:26:57,99.723
09:26:58,99.694
09:26:59,99.646
09:27:00,99.589
09:27:01,99.5
09:27:02,99.424
09:27:03,99.363
09:27:04,99.307
09:27:05,99.255
09:27:06,99.203
09:27:07,99.144
09:27:08,99.045
09:27:09,98.897
09:27:10,98.864
09:27:11,98.863
09:27:12,98.869
09:27:13,98.852
09:27:14,98.865
09:27:15,98.836
09:27:16,98.816
09:27:17,98.82000000000001
09:27:18,98.791
09:27:19,98.72
09:27:20,98.574
09:27:21,98.38
09:27:22,98.148
09:27:23,98.06800000000001
09:27:24,97.952
09:27:25,97.833
09:27:26,97.703
09:27:27,97.55199999999999
09:27:28,97.457
09:27:29,97.216
09:27:30,96.979
09:27:31,96.71900000000001
09:27:32,96.452
09:27:33,96.16499999999999
09:27:34,95.872
09:27:35,95.564
09:27:36,95.267
09:27:37,95.098
09:27:38,94.921
09:27:39,94.735
09:27:40,94.399
09:27:41,94.098
09:27:42,93.806
09:27:43,93.547
09:27:44,93.50399999999999
09:27:45,93.463
09:27:46,93.471
09:27:47,93.481
09:27:48,93.511
09:27:49,93.565
09:27:50,93.562
09:27:51,93.529
09:27:52,93.46700000000001
09:27:53,93.40799999999999
09:27:54,93.269
09:27:55,93.128
09:27:56,92.995
09:27:57,92.854
09:27:58,92.736
09:27:59,92.639
09:28:00,92.546
09:28:01,92.463
09:28:02,92.39500000000001
09:28:03,92.329
09:28:04,92.24600000000001
09:28:05,92.2
09:28:06,92.065
09:28:07,91.946
09:28:08,91.877
09:28:09,91.862
09:28:10,91.74300000000001
09:28:11,91.611
09:28:12,91.49100000000001
09:28:13,91.388
09:28:14,91.259
09:28:15,91.143
09:28:16,91.011
09:28:17,90.83000000000001
09:28:18,90.69500000000001
09:28:19,90.574
09:28:20,90.476
09:28:21,90.366
09:28:22,90.308
09:28:23,90.104
09:28:24,89.929
09:28:25,89.769
09:28:26,89.622
09:28:27,89.508
09:28:28,89.348
09:28:29,89.327
09:28:30,89.292
09:28:31,89.313
09:28:32,89.343
09:28:33,89.373
09:28:34,89.41499999999999
09:28:35,89.59200000000001
09:28:36,89.783
09:28:37,89.931
09:28:38,90.053
09:28:39,90.13
09:28:40,90.212
09:28:41,90.24499999999999
09:28:42,90.253
09:28:43,90.17699999999999
09:28:44,90.1
09:28:45,89.953
09:28:46,89.761
09:28:47,89.586
09:28:48,89.425
09:28:49,89.253
09:28:50,89.103
09:28:51,88.99600000000001
09:28:52,88.916
09:28:53,88.852
09:28:54,88.799
09:28:55,88.79400000000001
09:28:56,88.776
09:28:57,88.775
09:28:58,88.771
09:28:59,88.748
09:29:00,88.727
09:29:01,88.725
09:29:02,88.735
09:29:03,88.732
09:29:04,88.74600000000001
09:29:05,88.728
09:29:06,88.774
09:29:07,88.815
09:29:08,88.878
09:29:09,88.95700000000001
09:29:10,89.051
09:29:11,89.13300000000001
09:29:12,89.18100000000001
09:29:13,89.262
09:29:14,89.35499999999999
09:29:15,89.48100000000001
09:29:16,89.6
09:29:17,89.762
09:29:18,89.90799999999999
09:29:19,90.056
09:29:20,90.179
09:29:21,90.308
09:29:22,90.438
09:29:23,90.517
09:29:24,90.612
09:29:25,90.61800000000001
09:29:26,90.63300000000001
09:29:27,90.64500000000001
09:29:28,90.636
09:29:29,90.64500000000001
09:29:30,90.656
09:29:31,90.649
09:29:32,90.697
09:29:33,90.752
09:29:34,90.83000000000001
09:29:35,90.8
09:29:36,90.728
09:29:37,90.687
09:29:38,90.67699999999999
09:29:39,90.709
09:29:40,90.725
09:29:41,90.7
09:29:42,90.64500000000001
09:29:43,90.652
09:29:44,90.667
09:29:45,90.75500000000001
09:29:46,90.869
09:29:47,90.95599999999999
09:29:48,91.15
09:29:49,91.25999999999999
09:29:50,91.37899999999999
09:29:51,91.498
09:29:52,91.61
09:29:53,91.69
09:29:54,91.776
09:29:55,91.774
09:29:56,91.796
09:29:57,91.806
09:29:58,91.79400000000001
09:29:59,91.765
09:30:00,91.746
09:30:01,91.752
09:30:02,91.724
09:30:03,91.70700000000001
09:30:04,91.66999999999999
09:30:05,91.646
09:30:06,91.741
09:30:07,91.842
09:30:08,91.942
09:30:09,92.048
09:30:10,92.16900000000001
09:30:11,92.256
09:30:12,92.315
09:30:13,92.355
09:30:14,92.387
09:30:15,92.36699999999999
09:30:16,92.363
09:30:17,92.309
09:30:18,92.242
09:30:19,92.131
09:30:20,92.001
09:30:21,91.84700000000001
09:30:22,91.67999999999999
09:30:23,91.57000000000001
09:30:24,91.443
09:30:25,91.435
09:30:26,91.435
09:30:27,91.41900000000001
09:30:28,91.438
09:30:29,91.42999999999999
09:30:30,91.4
09:30:31,91.365
09:30:32,91.286
09:30:33,91.212
09:30:34,91.107
09:30:35,91.015
09:30:36,90.94300000000001
09:30:37,90.86
09:30:38,90.761
09:30:39,90.667
09:30:40,90.62899999999999
09:30:41,90.65
09:30:42,90.664
09:30:43,90.65599999999999
09:30:44,90.62899999999999
09:30:45,90.56700000000001
09:30:46,90.511
09:30:47,90.473
09:30:48,90.299
09:30:49,90.22
09:30:50,90.16
09:30:51,90.014
09:30:52,89.837
09:30:53,89.681
09:30:54,89.511
09:30:55,89.357
09:30:56,89.16
09:30:57,88.96000000000001
09:30:58,88.796
09:30:59,88.635
09:31:00,88.465
09:31:01,88.271
09:31:02,88.12
09:31:03,87.985
09:31:04,87.86800000000001
09:31:05,87.73400000000001
09:31:06,87.501
09:31:07,87.306
09:31:08,87.05199999999999
09:31:09,86.811
09:31:10,86.556
09:31:11,86.31
09:31:12,86.146
09:31:13,85.934
09:31:14,85.708
09:31:15,85.477
09:31:16,85.286
09:31:17,85.122
09:31:18,84.917
09:31:19,84.731
09:31:20,84.56899999999999
09:31:21,84.437
09:31:22,84.30699999999999
09:31:23,84.152
09:31:24,83.99600000000001
09:31:25,83.869
09:31:26,83.701
09:31:27,83.553
09:31:28,83.392
09:31:29,83.229
09:31:30,83.077
09:31:31,82.923
09:31:32,82.711
09:31:33,82.514
09:31:34,82.324
09:31:35,82.134
09:31:36,81.93199999999999
09:31:37,81.744
09:31:38,81.566
09:31:39,81.414
09:31:40,81.243
09:31:41,81.071
09:31:42,80.94300000000001
09:31:43,80.888
09:31:44,80.836
09:31:45,80.8
09:31:46,80.752
09:31:47,80.66
09:31:48,80.59400000000001
09:31:49,80.499
09:31:50,80.402
09:31:51,80.353
09:31:52,80.343
09:31:53,80.33
09:31:54,80.337
09:31:55,80.35499999999999
09:31:56,80.414
09:31:57,80.468
09:31:58,80.494
09:31:59,80.521
09:32:00,80.584
09:32:01,80.62
09:32:02,80.60799999999999
09:32:03,80.59400000000001
09:32:04,80.474
09:32:05,80.393
09:32:06,80.321
09:32:07,80.229
09:32:08,80.156
09:32:09,80.06
09:32:10,79.995
09:32:11,79.951
09:32:12,79.902
09:32:13,79.92
09:32:14,79.983
09:32:15,80.03200000000001
09:32:16,80.027
09:32:17,80.01899999999999
09:32:18,80.05799999999999
09:32:19,80.117
09:32:20,80.176
09:32:21,80.231
09:32:22,80.28200000000001
09:32:23,80.34
09:32:24,80.40299999999999
09:32:25,80.423
09:32:26,80.477
09:32:27,80.526
09:32:28,80.599
09:32:29,80.672
09:32:30,80.72200000000001
09:32:31,80.788
09:32:32,80.90700000000001
09:32:33,81.042
09:32:34,81.146
09:32:35,81.22200000000001
09:32:36,81.31
09:32:37,81.387
09:32:38,81.48400000000001
09:32:39,81.574
09:32:40,81.634
09:32:41,81.697
09:32:42,81.75399999999999
09:32:43,81.759
09:32:44,81.777
09:32:45,81.813
09:32:46,81.869
09:32:47,81.84299999999999
09:32:48,81.821
09:32:49,81.85
09:32:50,81.894
09:32:51,81.929
09:32:52,81.95599999999999
09:32:53,81.936
09:32:54,81.923
09:32:55,81.913
09:32:56,81.85799999999999
09:32:57,81.885
09:32:58,81.922
09:32:59,81.935
09:33:00,81.902
09:33:01,81.852
09:33:02,81.83200000000001
09:33:03,81.789
09:33:04,81.83500000000001
09:33:05,81.86699999999999
09:33:06,81.877
09:33:07,81.861
09:33:08,81.849
09:33:09,81.822
09:33:10,81.792
09:33:11,81.74300000000001
09:33:12,81.64
09:33:13,81.535
09:33:14,81.39099999999999
09:33:15,81.26
09:33:16,81.136
09:33:17,80.985
09:33:18,80.858
09:33:19,80.685
09:33:20,80.518
09:33:21,80.37
09:33:22,80.241
09:33:23,80.1
09:33:24,79.987
09:33:25,79.833
09:33:26,79.65700000000001
09:33:27,79.481
09:33:28,79.28999999999999
09:33:29,79.087
09:33:30,78.909
09:33:31,78.757
09:33:32,78.592
09:33:33,78.454
09:33:34,78.316
09:33:35,78.194
09:33:36,78.083
09:33:37,77.978
09:33:38,77.854
09:33:39,77.721
09:33:40,77.61699999999999
09:33:41,77.501
09:33:42,77.376
09:33:43,77.245
09:33:44,77.099
09:33:45,76.958
09:33:46,76.821
09:33:47,76.777
09:33:48,76.699
09:33:49,76.58099999999999
09:33:50,76.467
09:33:51,76.377
09:33:52,76.285
09:33:53,76.276
09:33:54,76.286
09:33:55,76.313
09:33:56,76.363
09:33:57,76.318
09:33:58,76.293
09:33:59,76.271
09:34:00,76.274
09:34:01,76.28099999999999
09:34:02,76.296
09:34:03,76.336
09:34:04,76.39
09:34:05,76.461
09:34:06,76.53099999999999
09:34:07,76.737
09:34:08,76.95599999999999
09:34:09,77.226
09:34:10,77.451
09:34:11,77.729
09:34:12,78.017
09:34:13,78.263
09:34:14,78.522
09:34:15,78.774
09:34:16,79.025
09:34:17,79.285
09:34:18,79.467
09:34:19,79.693
09:34:20,79.964
09:34:21,80.202
09:34:22,80.422
09:34:23,80.667
09:34:24,80.913
09:34:25,81.15299999999999
09:34:26,81.361
09:34:27,81.554
09:34:28,81.739
09:34:29,81.935
09:34:30,82.131
09:34:31,82.284
09:34:32,82.42699999999999
09:34:33,82.517
09:34:34,82.608
09:34:35,82.661
09:34:36,82.689
09:34:37,82.739
09:34:38,82.776
09:34:39,82.808
09:34:40,82.84
09:34:41,82.887
09:34:42,82.934
09:34:43,82.986
09:34:44,83.056
09:34:45,83.08500000000001
09:34:46,83.128
09:34:47,83.136
09:34:48,83.179
09:34:49,83.21000000000001
09:34:50,83.213
09:34:51,83.19800000000001
09:34:52,83.194
09:34:53,83.106
09:34:54,83.064
09:34:55,83.02799999999999
09:34:56,83.008
09:34:57,83.009
09:34:58,82.999
09:34:59,82.994
09:35:00,82.983
09:35:01,82.989
09:35:02,82.985
09:35:03,82.978
09:35:04,82.938
09:35:05,82.89200000000001
09:35:06,82.852
09:35:07,82.672
09:35:08,82.49300000000001
09:35:09,82.309
09:35:10,82.154
09:35:11,81.95599999999999
09:35:12,81.759
09:35:13,81.567
09:35:14,81.38300000000001
09:35:15,81.253
09:35:16,81.12899999999999
09:35:17,81.02000000000001
09:35:18,81.0
09:35:19,80.985
09:35:20,80.931
09:35:21,80.9
09:35:22,80.866
09:35:23,80.85799999999999
09:35:24,80.863
09:35:25,80.878
09:35:26,80.944
09:35:27,81.051
09:35:28,81.171
09:35:29,81.29299999999999
09:35:30,81.399
09:35:31,81.547
09:35:32,81.67
09:35:33,81.798
09:35:34,81.922
09:35:35,82.1
09:35:36,82.307
09:35:37,82.497
09:35:38,82.70599999999999
09:35:39,82.889
09:35:40,83.14099999999999
09:35:41,83.414
09:35:42,83.673
09:35:43,83.91
09:35:44,84.17
09:35:45,84.467
09:35:46,84.73400000000001
09:35:47,85.072
09:35:48,85.424
09:35:49,85.804
09:35:50,86.205
09:35:51,86.63
09:35:52,87.05499999999999
09:35:53,87.566
09:35:54,88.009
09:35:55,88.39099999999999
09:35:56,88.777
09:35:57,89.173
09:35:58,89.58099999999999
09:35:59,90.005
09:36:00,90.419
09:36:01,90.816
09:36:02,91.207
09:36:03,91.59700000000001
09:36:04,91.997
09:36:05,92.349
09:36:06,92.7
09:36:07,93.018
09:36:08,93.33099999999999
09:36:09,93.666
09:36:10,94.00800000000001
09:36:11,94.349
09:36:12,94.716
09:36:13,95.091
09:36:14,95.453
09:36:15,95.767
09:36:16,96.149
09:36:17,96.5
09:36:18,96.814
09:36:19,97.114
09:36:20,97.42
09:36:21,97.703
09:36:22,97.995
09:36:23,98.241
09:36:24,98.44200000000001
09:36:25,98.641
09:36:26,98.77799999999999
09:36:27,98.84299999999999
09:36:28,98.889
09:36:29,98.926
09:36:30,98.929
09:36:31,98.911
09:36:32,98.931
09:36:33,98.946
09:36:34,98.99600000000001
09:36:35,99.03099999999999
09:36:36,99.05499999999999
09:36:37,99.089
09:36:38,99.16999999999999
09:36:39,99.26599999999999
09:36:40,99.26599999999999
09:36:41,99.194
09:36:42,99.2
09:36:43,99.207
09:36:44,99.167
09:36:45,99.1
09:36:46,99.16
09:36:47,99.223
09:36:48,99.23400000000001
09:36:49,99.238
09:36:50,99.242
09:36:51,99.242
09:36:52,99.215
09:36:53,99.158
09:36:54,99.079
09:36:55,99.037
09:36:56,98.978
09:36:57,98.896
09:36:58,98.808
09:36:59,98.717
09:37:00,98.65599999999999
09:37:01,98.62
09:37:02,98.565
09:37:03,98.517
09:37:04,98.491
09:37:05,98.507
09:37:06,98.53999999999999
09:37:07,98.606
09:37:08,98.668
09:37:09,98.702
09:37:10,98.712
09:37:11,98.72
09:37:12,98.737
09:37:13,98.806
09:37:14,98.874
09:37:15,98.939
09:37:16,98.945
09:37:17,98.946
09:37:18,98.916
09:37:19,98.91499999999999
09:37:20,98.907
09:37:21,98.928
09:37:22,98.971
09:37:23,99.014
09:37:24,99.063
09:37:25,99.12
09:37:26,99.209
09:37:27,99.383
09:37:28,99.526
09:37:29,99.675
09:37:30,99.869
09:37:31,100.03200000000001
09:37:32,100.19800000000001
09:37:33,100.416
09:37:34,100.61800000000001
09:37:35,100.84
09:37:36,101.06
09:37:37,101.268
09:37:38,101.462
09:37:39,101.682
09:37:40,101.90299999999999
09:37:41,102.179
09:37:42,102.387
09:37:43,102.585
09:37:44,102.803
09:37:45,103.013
09:37:46,103.095
09:37:47,103.157
09:37:48,103.25399999999999
09:37:49,103.415
09:37:50,103.55699999999999
09:37:51,103.619
09:37:52,103.71700000000001
09:37:53,103.779
09:37:54,103.816
09:37:55,103.86099999999999
09:37:56,103.91
09:37:57,103.953
09:37:58,103.99100000000001
09:37:59,104.074
09:38:00,104.133
09:38:01,104.165
09:38:02,104.223
09:38:03,104.277
09:38:04,104.31299999999999
09:38:05,104.28800000000001
09:38:06,104.24300000000001
09:38:07,104.19800000000001
09:38:08,104.144
09:38:09,104.078
09:38:10,104.01700000000001
09:38:11,103.965
09:38:12,103.899
09:38:13,103.804
09:38:14,103.69200000000001
09:38:15,103.59200000000001
09:38:16,103.47
09:38:17,103.40599999999999
09:38:18,103.37899999999999
09:38:19,103.33500000000001
09:38:20,103.306
09:38:21,103.253
09:38:22,103.17699999999999
09:38:23,103.122
09:38:24,103.051
09:38:25,102.96900000000001
09:38:26,102.901
09:38:27,102.79400000000001
09:38:28,102.73899999999999
09:38:29,102.654
09:38:30,102.55799999999999
09:38:31,102.47
09:38:32,102.36800000000001
09:38:33,102.28
09:38:34,102.176
09:38:35,102.069
09:38:36,101.964
09:38:37,101.841
09:38:38,101.682
09:38:39,101.499
09:38:40,101.298
09:38:41,101.09700000000001
09:38:42,100.89099999999999
09:38:43,100.675
09:38:44,100.464
09:38:45,100.332
09:38:46,100.233
09:38:47,100.136
09:38:48,100.03
09:38:49,99.89500000000001
09:38:50,99.75800000000001
09:38:51,99.69000000000001
09:38:52,99.636
09:38:53,99.582
09:38:54,99.53099999999999
09:38:55,99.45
09:38:56,99.358
09:38:57,99.277
09:38:58,99.115
09:38:59,98.925
09:39:00,98.742
09:39:01,98.622
09:39:02,98.498
09:39:03,98.375
09:39:04,98.313
09:39:05,98.256
09:39:06,98.20400000000001
09:39:07,98.149
09:39:08,98.101
09:39:09,97.94500000000001
09:39:10,97.794
09:39:11,97.631
09:39:12,97.485
09:39:13,97.311
09:39:14,97.152
09:39:15,96.986
09:39:16,96.83000000000001
09:39:17,96.648
09:39:18,96.45500000000001
09:39:19,96.364
09:39:20,96.245
09:39:21,96.127
09:39:22,96.034
09:39:23,95.926
09:39:24,95.80199999999999
09:39:25,95.666
09:39:26,95.55199999999999
09:39:27,95.442
09:39:28,95.329
09:39:29,95.264
09:39:30,95.221
09:39:31,95.161
09:39:32,95.09700000000001
09:39:33,94.982
09:39:34,94.86
09:39:35,94.74600000000001
09:39:36,94.60999999999999
09:39:37,94.514
09:39:38,94.411
09:39:39,94.309
09:39:40,94.24199999999999
09:39:41,94.182
09:39:42,94.16999999999999
09:39:43,94.232
09:39:44,94.33099999999999
09:39:45,94.382
09:39:46,94.413
09:39:47,94.447
09:39:48,94.429
09:39:49,94.405
09:39:50,94.369
09:39:51,94.351
09:39:52,94.322
09:39:53,94.307
09:39:54,94.333
09:39:55,94.372
09:39:56,94.47999999999999
09:39:57,94.59
09:39:58,94.767
09:39:59,94.897
09:40:00,95.035
09:40:01,95.084
09:40:02,95.09
09:40:03,95.06700000000001
09:40:04,95.027
09:40:05,95.029
09:40:06,95.03999999999999
09:40:07,95.074
09:40:08,95.101
09:40:09,95.212
09:40:10,95.365
09:40:11,95.619
09:40:12,95.84299999999999
09:40:13,96.062
09:40:14,96.267
09:40:15,96.49100000000001
09:40:16,96.729
09:40:17,96.97200000000001
09:40:18,97.203
09:40:19,97.31800000000001
09:40:20,97.438
09:40:21,97.566
09:40:22,97.625
09:40:23,97.662
09:40:24,97.74199999999999
09:40:25,97.83200000000001
09:40:26,97.92
09:40:27,98.02799999999999
09:40:28,98.124
09:40:29,98.231
09:40:30,98.253
09:40:31,98.306
09:40:32,98.359
09:40:33,98.463
09:40:34,98.587
09:40:35,98.684
09:40:36,98.80199999999999
09:40:37,98.939
09:40:38,99.08200000000001
09:40:39,99.21900000000001
09:40:40,99.329
09:40:41,99.41
09:40:42,99.459
09:40:43,99.46799999999999
09:40:44,99.435
09:40:45,99.38
09:40:46,99.334
09:40:47,99.334
09:40:48,99.39399999999999
09:40:49,99.418
09:40:50,99.437
09:40:51,99.461
09:40:52,99.463
09:40:53,99.473
09:40:54,99.452
09:40:55,99.465
09:40:56,99.41900000000001
09:40:57,99.356
09:40:58,99.263
09:40:59,99.236
09:41:00,99.164
09:41:01,99.125
09:41:02,99.127
09:41:03,99.161
09:41:04,99.162
09:41:05,99.117
09:41:06,99.06700000000001
09:41:07,99.003
09:41:08,98.938
09:41:09,98.919
09:41:10,98.836
09:41:11,98.647
09:41:12,98.474
09:41:13,98.316
09:41:14,98.175
09:41:15,98.03
09:41:16,97.889
09:41:17,97.78
09:41:18,97.679
09:41:19,97.638
09:41:20,97.502
09:41:21,97.35
09:41:22,97.235
09:41:23,97.152
09:41:24,97.045
09:41:25,96.929
09:41:26,96.804
09:41:27,96.694
09:41:28,96.58
09:41:29,96.478
09:41:30,96.431
09:41:31,96.35499999999999
09:41:32,96.295
09:41:33,96.2
09:41:34,96.12
09:41:35,96.069
09:41:36,96.015
09:41:37,95.91499999999999
09:41:38,95.808
09:41:39,95.712
09:41:40,95.627
09:41:41,95.54400000000001
09:41:42,95.463
09:41:43,95.37100000000001
09:41:44,95.26
09:41:45,95.142
09:41:46,95.009
09:41:47,94.83099999999999
09:41:48,94.602
09:41:49,94.34
09:41:50,94.116
09:41:51,93.841
09:41:52,93.562
09:41:53,93.27799999999999
09:41:54,92.997
09:41:55,92.675
09:41:56,92.378
09:41:57,92.10799999999999
09:41:58,91.89
09:41:59,91.643
09:42:00,91.482
09:42:01,91.36699999999999
09:42:02,91.241
09:42:03,91.189
09:42:04,91.13300000000001
09:42:05,91.132
09:42:06,91.137
09:42:07,91.14
09:42:08,91.152
09:42:09,91.19500000000001
09:42:10,91.227
09:42:11,91.271
09:42:12,91.325
09:42:13,91.36500000000001
09:42:14,91.405
09:42:15,91.436
09:42:16,91.458
09:42:17,91.465
09:42:18,91.474
09:42:19,91.398
09:42:20,91.482
09:42:21,91.566
09:42:22,91.666
09:42:23,91.812
09:42:24,91.961
09:42:25,92.119
09:42:26,92.298
09:42:27,92.449
09:42:28,92.57300000000001
09:42:29,92.659
09:42:30,92.738
09:42:31,92.848
09:42:32,92.94800000000001
09:42:33,93.027
09:42:34,93.08399999999999
09:42:35,93.116
09:42:36,93.147
09:42:37,93.096
09:42:38,93.051
09:42:39,93.048
09:42:40,93.05
09:42:41,93.06700000000001
09:42:42,93.08
09:42:43,93.08500000000001
09:42:44,93.114
09:42:45,93.161
09:42:46,93.221
09:42:47,93.318
09:42:48,93.459
09:42:49,93.643
09:42:50,93.809
09:42:51,93.967
09:42:52,94.12899999999999
09:42:53,94.292
09:42:54,94.454
09:42:55,94.62100000000001
09:42:56,94.75800000000001
09:42:57,94.901
09:42:58,95.064
09:42:59,95.237
09:43:00,95.352
09:43:01,95.414
09:43:02,95.503
09:43:03,95.542
09:43:04,95.615
09:43:05,95.688
09:43:06,95.736
09:43:07,95.764
09:43:08,95.78999999999999
09:43:09,95.729
09:43:10,95.703
09:43:11,95.675
09:43:12,95.631
09:43:13,95.58200000000001
09:43:14,95.481
09:43:15,95.41799999999999
09:43:16,95.363
09:43:17,95.268
09:43:18,95.175
09:43:19,95.09
09:43:20,94.928
09:43:21,94.772
09:43:22,94.61
09:43:23,94.41499999999999
09:43:24,94.228
09:43:25,94.036
09:43:26,93.834
09:43:27,93.637
09:43:28,93.48299999999999
09:43:29,93.327
09:43:30,93.189
09:43:31,93.047
09:43:32,92.898
09:43:33,92.791
09:43:34,92.713
09:43:35,92.63199999999999
09:43:36,92.514
09:43:37,92.49
09:43:38,92.45
09:43:39,92.375
09:43:40,92.309
09:43:41,92.223
09:43:42,92.138
09:43:43,92.066
09:43:44,91.988
09:43:45,91.908
09:43:46,91.808
09:43:47,91.631
09:43:48,91.462
09:43:49,91.327
09:43:50,91.236
09:43:51,91.168
09:43:52,91.144
09:43:53,91.12100000000001
09:43:54,91.089
09:43:55,91.08
09:43:56,91.075
09:43:57,91.04400000000001
09:43:58,90.962
09:43:59,90.86800000000001
09:44:00,90.75699999999999
09:44:01,90.632
09:44:02,90.475
09:44:03,90.294
09:44:04,90.08500000000001
09:44:05,89.846
09:44:06,89.64
09:44:07,89.462
09:44:08,89.247
09:44:09,89.05499999999999
09:44:10,88.861
09:44:11,88.666
09:44:12,88.46000000000001
09:44:13,88.271
09:44:14,88.146
09:44:15,87.993
09:44:16,87.874
09:44:17,87.794
09:44:18,87.709
09:44:19,87.65700000000001
09:44:20,87.624
09:44:21,87.602
09:44:22,87.538
09:44:23,87.438
09:44:24,87.34200000000001
09:44:25,87.259
09:44:26,87.173
09:44:27,87.077
09:44:28,86.958
09:44:29,86.827
09:44:30,86.74
09:44:31,86.655
09:44:32,86.576
09:44:33,86.47
09:44:34,86.385
09:44:35,86.352
09:44:36,86.40599999999999
09:44:37,86.458
09:44:38,86.532
09:44:39,86.6
09:44:40,86.63
09:44:41,86.716
09:44:42,86.78999999999999
09:44:43,86.84
09:44:44,86.892
09:44:45,86.946
09:44:46,87.025
09:44:47,87.142
09:44:48,87.281
09:44:49,87.387
09:44:50,87.478
09:44:51,87.58200000000001
09:44:52,87.64099999999999
09:44:53,87.697
09:44:54,87.79299999999999
09:44:55,87.85900000000001
09:44:56,87.90700000000001
09:44:57,87.982
09:44:58,88.05199999999999
09:44:59,88.126
09:45:00,88.223
09:45:01,88.338
09:45:02,88.501
09:45:03,88.612
09:45:04,88.71900000000001
09:45:05,88.866
09:45:06,89.00399999999999
09:45:07,89.135
09:45:08,89.3
09:45:09,89.474
09:45:10,89.64500000000001
09:45:11,89.77000000000001
09:45:12,89.908
09:45:13,90.038
09:45:14,90.096
09:45:15,90.12100000000001
09:45:16,90.124
09:45:17,90.115
09:45:18,90.103
09:45:19,90.079
09:45:20,90.076
09:45:21,90.134
09:45:22,90.236
09:45:23,90.429
09:45:24,90.603
09:45:25,90.786
09:45:26,90.976
09:45:27,91.18100000000001
09:45:28,91.404
09:45:29,91.615
09:45:30,91.791
09:45:31,91.981
09:45:32,92.176
09:45:33,92.334
09:45:34,92.452
09:45:35,92.51899999999999
09:45:36,92.514
09:45:37,92.52
09:45:38,92.502
09:45:39,92.453
09:45:40,92.423
09:45:41,92.341
09:45:42,92.213
09:45:43,92.11800000000001
09:45:44,92.036
09:45:45,91.916
09:45:46,91.793
09:45:47,91.679
09:45:48,91.549
09:45:49,91.437
09:45:50,91.324
09:45:51,91.23299999999999
09:45:52,91.156
09:45:53,91.244
09:45:54,91.321
09:45:55,91.447
09:45:56,91.55699999999999
09:45:57,91.542
09:45:58,91.57300000000001
09:45:59,91.606
09:46:00,91.628
09:46:01,91.63300000000001
09:46:02,91.615
09:46:03,91.613
09:46:04,91.599
09:46:05,91.59700000000001
09:46:06,91.57300000000001
09:46:07,91.499
09:46:08,91.424
09:46:09,91.368
09:46:10,91.299
09:46:11,91.296
09:46:12,91.295
09:46:13,91.30799999999999
09:46:14,91.382
09:46:15,91.478
09:46:16,91.538
09:46:17,91.576
09:46:18,91.62
09:46:19,91.648
09:46:20,91.648
09:46:21,91.579
09:46:22,91.51500000000001
09:46:23,91.377
09:46:24,91.235
09:46:25,91.13
09:46:26,91.022
09:46:27,90.888
09:46:28,90.752
09:46:29,90.64
09:46:30,90.526
09:46:31,90.417
09:46:32,90.297
09:46:33,90.19200000000001
09:46:34,90.063
09:46:35,89.946
09:46:36,89.861
09:46:37,89.763
09:46:38,89.66900000000001
09:46:39,89.59200000000001
09:46:40,89.55199999999999
09:46:41,89.50899999999999
09:46:42,89.53099999999999
09:46:43,89.55199999999999
09:46:44,89.566
09:46:45,89.61800000000001
09:46:46,89.646
09:46:47,89.68299999999999
09:46:48,89.703
09:46:49,89.705
09:46:50,89.702
09:46:51,89.681
09:46:52,89.602
09:46:53,89.377
09:46:54,89.091
09:46:55,88.797
09:46:56,88.535
09:46:57,88.4
09:46:58,88.251
09:46:59,88.148
09:47:00,88.05
09:47:01,87.955
09:47:02,87.85900000000001
09:47:03,87.737
09:47:04,87.729
09:47:05,87.714
09:47:06,87.71799999999999
09:47:07,87.639
09:47:08,87.567
09:47:09,87.49
09:47:10,87.424
09:47:11,87.326
09:47:12,87.224
09:47:13,87.135
09:47:14,87.019
09:47:15,86.888
09:47:16,86.863
09:47:17,86.854
09:47:18,86.863
09:47:19,86.911
09:47:20,86.967
09:47:21,86.99
09:47:22,86.987
09:47:23,87.002
09:47:24,87.043
09:47:25,87.037
09:47:26,86.938
09:47:27,86.852
09:47:28,86.787
09:47:29,86.72200000000001
09:47:30,86.661
09:47:31,86.579
09:47:32,86.525
09:47:33,86.48299999999999
09:47:34,86.455
09:47:35,86.417
09:47:36,86.38
09:47:37,86.342
09:47:38,86.31
09:47:39,86.263
09:47:40,86.196
09:47:41,86.128
09:47:42,86.066
09:47:43,86.027
09:47:44,86.024
09:47:45,86.005
09:47:46,86.008
09:47:47,85.966
09:47:48,85.94800000000001
09:47:49,85.92999999999999
09:47:50,85.885
09:47:51,85.858
09:47:52,85.889
09:47:53,85.891
09:47:54,85.977
09:47:55,86.043
09:47:56,86.14200000000001
09:47:57,86.24600000000001
09:47:58,86.312
09:47:59,86.342
09:48:00,86.38199999999999
09:48:01,86.44
09:48:02,86.49
09:48:03,86.611
09:48:04,86.631
09:48:05,86.626
09:48:06,86.62100000000001
09:48:07,86.76
09:48:08,86.873
09:48:09,86.987
09:48:10,87.106
09:48:11,87.236
09:48:12,87.369
09:48:13,87.489
09:48:14,87.634
09:48:15,87.796
09:48:16,87.878
09:48:17,87.94800000000001
09:48:18,87.983
09:48:19,88.011
09:48:20,88.05799999999999
09:48:21,88.122
09:48:22,88.188
09:48:23,88.232
09:48:24,88.264
09:48:25,88.318
09:48:26,88.464
09:48:27,88.627
09:48:28,88.776
09:48:29,88.922
09:48:30,89.083
09:48:31,89.271
09:48:32,89.40599999999999
09:48:33,89.512
09:48:34,89.627
09:48:35,89.755
09:48:36,89.843
09:48:37,89.9
09:48:38,89.98400000000001
09:48:39,90.09
09:48:40,90.24600000000001
09:48:41,90.40599999999999
09:48:42,90.54400000000001
09:48:43,90.646
09:48:44,90.721
09:48:45,90.814
09:48:46,90.894
09:48:47,90.989
09:48:48,91.079
09:48:49,91.183
09:48:50,91.321
09:48:51,91.42699999999999
09:48:52,91.525
09:48:53,91.696
09:48:54,91.824
09:48:55,91.95599999999999
09:48:56,92.039
09:48:57,92.11
09:48:58,92.204
09:48:59,92.277
09:49:00,92.34299999999999
09:49:01,92.428
09:49:02,92.512
09:49:03,92.566
09:49:04,92.68299999999999
09:49:05,92.828
09:49:06,92.973
09:49:07,93.075
09:49:08,93.187
09:49:09,93.289
09:49:10,93.352
09:49:11,93.33500000000001
09:49:12,93.32300000000001
09:49:13,93.315
09:49:14,93.339
09:49:15,93.312
09:49:16,93.272
09:49:17,93.276
09:49:18,93.28
09:49:19,93.283
09:49:20,93.285
09:49:21,93.309
09:49:22,93.342
09:49:23,93.373
09:49:24,93.39200000000001
09:49:25,93.373
09:49:26,93.348
09:49:27,93.299
09:49:28,93.245
09:49:29,93.19200000000001
09:49:30,93.102
09:49:31,92.977
09:49:32,93.014
09:49:33,93.078
09:49:34,93.189
09:49:35,93.287
09:49:36,93.426
09:49:37,93.608
09:49:38,93.744
09:49:39,93.961
09:49:40,94.162
09:49:41,94.378
09:49:42,94.624
09:49:43,94.864
09:49:44,95.079
09:49:45,95.268
09:49:46,95.45599999999999
09:49:47,95.549
09:49:48,95.643
09:49:49,95.703
09:49:50,95.771
09:49:51,95.80499999999999
09:49:52,95.84200000000001
09:49:53,95.796
09:49:54,95.791
09:49:55,95.763
09:49:56,95.711
09:49:57,95.662
09:49:58,95.632
09:49:59,95.618
09:50:00,95.619
09:50:01,95.647
09:50:02,95.674
09:50:03,95.712
09:50:04,95.697
09:50:05,95.67999999999999
09:50:06,95.65
09:50:07,95.654
09:50:08,95.67
09:50:09,95.679
09:50:10,95.705
09:50:11,95.826
09:50:12,95.92999999999999
09:50:13,95.978
09:50:14,96.06800000000001
09:50:15,96.187
09:50:16,96.296
09:50:17,96.354
09:50:18,96.417
09:50:19,96.46000000000001
09:50:20,96.471
09:50:21,96.482
09:50:22,96.44
09:50:23,96.533
09:50:24,96.646
09:50:25,96.777
09:50:26,96.917
09:50:27,97.089
09:50:28,97.271
09:50:29,97.43299999999999
09:50:30,97.563
09:50:31,97.694
09:50:32,97.729
09:50:33,97.755
09:50:34,97.769
09:50:35,97.792
09:50:36,97.801
09:50:37,97.791
09:50:38,97.799
09:50:39,97.70700000000001
09:50:40,97.59400000000001
09:50:41,97.479
09:50:42,97.327
09:50:43,97.189
09:50:44,97.07300000000001
09:50:45,96.99
09:50:46,96.91
09:50:47,96.937
09:50:48,96.95599999999999
09:50:49,96.97200000000001
09:50:50,96.974
09:50:51,96.99600000000001
09:50:52,97.021
09:50:53,97.062
09:50:54,97.08099999999999
09:50:55,97.116
09:50:56,97.22200000000001
09:50:57,97.34
09:50:58,97.41
09:50:59,97.466
09:51:00,97.473
09:51:01,97.474
09:51:02,97.473
09:51:03,97.476
09:51:04,97.45500000000001
09:51:05,97.404
09:51:06,97.376
09:51:07,97.35900000000001
09:51:08,97.325
09:51:09,97.297
09:51:10,97.3
09:51:11,97.271
09:51:12,97.231
09:51:13,97.262
09:51:14,97.206
09:51:15,97.148
09:51:16,97.10499999999999
09:51:17,97.12
09:51:18,97.13199999999999
09:51:19,97.181
09:51:20,97.24300000000001
09:51:21,97.301
09:51:22,97.429
09:51:23,97.438
09:51:24,97.44300000000001
09:51:25,97.453
09:51:26,97.541
09:51:27,97.615
09:51:28,97.732
09:51:29,97.882
09:51:30,98.111
09:51:31,98.353
09:51:32,98.53599999999999
09:51:33,98.75800000000001
09:51:34,98.964
09:51:35,99.19
09:51:36,99.44399999999999
09:51:37,99.70599999999999
09:51:38,100.021
09:51:39,100.341
09:51:40,100.67699999999999
09:51:41,101.015
09:51:42,101.369
09:51:43,101.728
09:51:44,102.08099999999999
09:51:45,102.423
09:51:46,102.775
09:51:47,103.123
09:51:48,103.41900000000001
09:51:49,103.704
09:51:50,104.013
09:51:51,104.349
09:51:52,104.74000000000001
09:51:53,105.124
09:51:54,105.519
09:51:55,105.989
09:51:56,106.425
09:51:57,106.876
09:51:58,107.326
09:51:59,107.776
09:52:00,108.276
09:52:01,108.799
09:52:02,109.13
09:52:03,109.45599999999999
09:52:04,109.81199999999998
09:52:05,110.201
09:52:06,110.50399999999999
09:52:07,110.71700000000001
09:52:08,110.91199999999999
09:52:09,111.096
09:52:10,111.269
09:52:11,111.46399999999998
09:52:12,111.69500000000001
09:52:13,111.91300000000001
09:52:14,112.13400000000001
09:52:15,112.349
09:52:16,112.518
09:52:17,112.679
09:52:18,112.828
09:52:19,112.93599999999999
09:52:20,113.04100000000001
09:52:21,113.13
09:52:22,113.218
09:52:23,113.301
09:52:24,113.37100000000001
09:52:25,113.43299999999999
09:52:26,113.426
09:52:27,113.457
09:52:28,113.502
09:52:29,113.55499999999999
09:52:30,113.601
09:52:31,113.641
09:52:32,113.699
09:52:33,113.731
09:52:34,113.72200000000001
09:52:35,113.702
09:52:36,113.65599999999999
09:52:37,113.585
09:52:38,113.46199999999999
09:52:39,113.329
09:52:40,113.184
09:52:41,113.02000000000001
09:52:42,112.854
09:52:43,112.68799999999999
09:52:44,112.50899999999999
09:52:45,112.31199999999998
09:52:46,112.098
09:52:47,111.856
09:52:48,111.667
09:52:49,111.502
09:52:50,111.303
09:52:51,111.08599999999998
09:52:52,110.73800000000001
09:52:53,110.38
09:52:54,109.963
09:52:55,109.468
09:52:56,108.939
09:52:57,108.38399999999999
09:52:58,107.843
09:52:59,107.33099999999999
09:53:00,106.80499999999999
09:53:01,106.231
09:53:02,105.81300000000002
09:53:03,105.37100000000001
09:53:04,104.902
09:53:05,104.47999999999999
09:53:06,104.122
09:53:07,103.777
09:53:08,103.449
09:53:09,103.125
09:53:10,102.806
09:53:11,102.475
09:53:12,102.16499999999999
09:53:13,101.729
09:53:14,101.301
09:53:15,100.878
09:53:16,100.511
09:53:17,100.125
09:53:18,99.74600000000001
09:53:19,99.422
09:53:20,99.098
09:53:21,98.775
09:53:22,98.44
09:53:23,98.131
09:53:24,97.833
09:53:25,97.548
09:53:26,97.28
09:53:27,96.978
09:53:28,96.589
09:53:29,96.185
09:53:30,95.777
09:53:31,95.364
09:53:32,94.983
09:53:33,94.615
09:53:34,94.28
09:53:35,93.93199999999999
09:53:36,93.602
09:53:37,93.298
09:53:38,93.015
09:53:39,92.731
09:53:40,92.443
09:53:41,92.31
09:53:42,92.142
09:53:43,91.958
09:53:44,91.804
09:53:45,91.71000000000001
09:53:46,91.662
09:53:47,91.651
09:53:48,91.65299999999999
09:53:49,91.66
09:53:50,91.687
09:53:51,91.716
09:53:52,91.843
09:53:53,91.998
09:53:54,92.22999999999999
09:53:55,92.468
09:53:56,92.725
09:53:57,92.975
09:53:58,93.25399999999999
09:53:59,93.499
09:54:00,93.736
09:54:01,93.974
09:54:02,94.22200000000001
09:54:03,94.51599999999999
09:54:04,94.799
09:54:05,94.997
09:54:06,95.197
09:54:07,95.481
09:54:08,95.77000000000001
09:54:09,96.058
09:54:10,96.316
09:54:11,96.58500000000001
09:54:12,96.801
09:54:13,97.127
09:54:14,97.461
09:54:15,97.787
09:54:16,98.08399999999999
09:54:17,98.342
09:54:18,98.565
09:54:19,98.749
09:54:20,98.91499999999999
09:54:21,99.096
09:54:22,99.30199999999999
09:54:23,99.526
09:54:24,99.70599999999999
09:54:25,99.88300000000001
09:54:26,100.005
09:54:27,100.111
09:54:28,100.235
09:54:29,100.353
09:54:30,100.474
09:54:31,100.623
09:54:32,100.74300000000001
09:54:33,100.854
09:54:34,100.99600000000001
09:54:35,101.167
09:54:36,101.338
09:54:37,101.49
09:54:38,101.628
09:54:39,101.82300000000001
09:54:40,102.014
09:54:41,102.09700000000001
09:54:42,102.211
09:54:43,102.34400000000001
09:54:44,102.46099999999998
09:54:45,102.518
09:54:46,102.53800000000001
09:54:47,102.58899999999998
09:54:48,102.63699999999999
09:54:49,102.681
09:54:50,102.71900000000001
09:54:51,102.758
09:54:52,102.74000000000001
09:54:53,102.705
09:54:54,102.625
09:54:55,102.59
09:54:56,102.56800000000001
09:54:57,102.564
09:54:58,102.574
09:54:59,102.58800000000001
09:55:00,102.612
09:55:01,102.62899999999999
09:55:02,102.678
09:55:03,102.691
09:55:04,102.78599999999999
09:55:05,102.89000000000001
09:55:06,102.992
09:55:07,103.08599999999998
09:55:08,103.179
09:55:09,103.28
09:55:10,103.421
09:55:11,103.56000000000002
09:55:12,103.71099999999998
09:55:13,103.824
09:55:14,103.94000000000001
09:55:15,104.083
09:55:16,104.16399999999999
09:55:17,104.266
09:55:18,104.405
09:55:19,104.576
09:55:20,104.77000000000001
09:55:21,104.921
09:55:22,105.032
09:55:23,105.1
09:55:24,105.199
09:55:25,105.297
09:55:26,105.434
09:55:27,105.55999999999999
09:55:28,105.702
09:55:29,105.874
09:55:30,106.06500000000001
09:55:31,106.21
09:55:32,106.20599999999999
09:55:33,106.20899999999999
09:55:34,106.178
09:55:35,106.101
09:55:36,106.016
09:55:37,105.94300000000001
09:55:38,105.976
09:55:39,105.96600000000001
09:55:40,105.96300000000001
09:55:41,105.928
09:55:42,105.91099999999999
09:55:43,105.87100000000001
09:55:44,105.828
09:55:45,105.843
09:55:46,105.83599999999998
09:55:47,105.78800000000001
09:55:48,105.731
09:55:49,105.672
09:55:50,105.617
09:55:51,105.595
09:55:52,105.577
09:55:53,105.601
09:55:54,105.63700000000001
09:55:55,105.641
09:55:56,105.63699999999999
09:55:57,105.631
09:55:58,105.614
09:55:59,105.599
09:56:00,105.61600000000001
09:56:01,105.619
09:56:02,105.61099999999999
09:56:03,105.609
09:56:04,105.55799999999999
09:56:05,105.505
09:56:06,105.475
09:56:07,105.439
09:56:08,105.372
09:56:09,105.274
09:56:10,105.16100000000002
09:56:11,105.03299999999999
09:56:12,104.94300000000001
09:56:13,104.872
09:56:14,104.8
09:56:15,104.71399999999998
09:56:16,104.70599999999999
09:56:17,104.678
09:56:18,104.667
09:56:19,104.604
09:56:20,104.54100000000001
09:56:21,104.525
09:56:22,104.55499999999999
09:56:23,104.599
09:56:24,104.66600000000001
09:56:25,104.70599999999999
09:56:26,104.73700000000001
09:56:27,104.78
09:56:28,104.84200000000001
09:56:29,104.89000000000001
09:56:30,104.85
09:56:31,104.81700000000001
09:56:32,104.93499999999999
09:56:33,105.049
09:56:34,105.186
09:56:35,105.319
09:56:36,105.455
09:56:37,105.58399999999999
09:56:38,105.58399999999999
09:56:39,105.58699999999999
09:56:40,105.59
09:56:41,105.58599999999998
09:56:42,105.58099999999999
09:56:43,105.554
09:56:44,105.526
09:56:45,105.46100000000001
09:56:46,105.422
09:56:47,105.397
09:56:48,105.372
09:56:49,105.39200000000001
09:56:50,105.401
09:56:51,105.362
09:56:52,105.38499999999999
09:56:53,105.356
09:56:54,105.32300000000001
09:56:55,105.25899999999999
09:56:56,105.18499999999999
09:56:57,105.08800000000001
09:56:58,104.96199999999999
09:56:59,104.826
09:57:00,104.66099999999999
09:57:01,104.51500000000001
09:57:02,104.36200000000001
09:57:03,104.18499999999999
09:57:04,103.997
09:57:05,103.89500000000001
09:57:06,103.78299999999999
09:57:07,103.678
09:57:08,103.607
09:57:09,103.56700000000001
09:57:10,103.46600000000001
09:57:11,103.349
09:57:12,103.165
09:57:13,102.995
09:57:14,102.81500000000001
09:57:15,102.61800000000001
09:57:16,102.426
09:57:17,102.269
09:57:18,102.094
09:57:19,101.932
09:57:20,101.76400000000001
09:57:21,101.613
09:57:22,101.41900000000001
09:57:23,101.212
09:57:24,100.982
09:57:25,100.773
09:57:26,100.59299999999999
09:57:27,100.413
09:57:28,100.20599999999999
09:57:29,100.006
09:57:30,99.905
09:57:31,99.738
09:57:32,99.564
09:57:33,99.4
09:57:34,99.224
09:57:35,99.08
09:57:36,98.928
09:57:37,98.78200000000001
09:57:38,98.639
09:57:39,98.515
09:57:40,98.394
09:57:41,98.282
09:57:42,98.149
09:57:43,98.053
09:57:44,97.964
09:57:45,97.842
09:57:46,97.792
09:57:47,97.579
09:57:48,97.34400000000001
09:57:49,97.08200000000001
09:57:50,96.83099999999999
09:57:51,96.593
09:57:52,96.374
09:57:53,96.17999999999999
09:57:54,95.97200000000001
09:57:55,95.79400000000001
09:57:56,95.674
09:57:57,95.54400000000001
09:57:58,95.449
09:57:59,95.37899999999999
09:58:00,95.30199999999999
09:58:01,95.215
09:58:02,95.124
09:58:03,95.103
09:58:04,95.041
09:58:05,94.905
09:58:06,94.735
09:58:07,94.549
09:58:08,94.364
09:58:09,94.19500000000001
09:58:10,94.091
09:58:11,93.997
09:58:12,93.952
09:58:13,93.912
09:58:14,93.892
09:58:15,93.921
09:58:16,93.956
09:58:17,94.012
09:58:18,94.047
09:58:19,94.1
09:58:20,94.148
09:58:21,94.179
09:58:22,94.236
09:58:23,94.353
09:58:24,94.455
09:58:25,94.55499999999999
09:58:26,94.688
09:58:27,94.786
09:58:28,94.869
09:58:29,94.928
09:58:30,94.916
09:58:31,94.95599999999999
09:58:32,95.01899999999999
09:58:33,95.077
09:58:34,95.102
09:58:35,95.083
09:58:36,95.06
09:58:37,95.041
09:58:38,95.037
09:58:39,95.00800000000001
09:58:40,94.96900000000001
09:58:41,94.91499999999999
09:58:42,94.867
09:58:43,94.80699999999999
09:58:44,94.77799999999999
09:58:45,94.772
09:58:46,94.679
09:58:47,94.761
09:58:48,94.852
09:58:49,94.922
09:58:50,94.98100000000001
09:58:51,95.03099999999999
09:58:52,95.039
09:58:53,95.01
09:58:54,95.014
09:58:55,95.01599999999999
09:58:56,94.96000000000001
09:58:57,94.886
09:58:58,94.774
09:58:59,94.639
09:59:00,94.486
09:59:01,94.313
09:59:02,94.127
09:59:03,93.864
09:59:04,93.648
09:59:05,93.42699999999999
09:59:06,93.209
09:59:07,92.97200000000001
09:59:08,92.712
09:59:09,92.44500000000001
09:59:10,92.197
09:59:11,91.963
09:59:12,91.711
09:59:13,91.43199999999999
09:59:14,91.146
09:59:15,90.863
09:59:16,90.56
09:59:17,90.243
09:59:18,89.998
09:59:19,89.781
09:59:20,89.59400000000001
09:59:21,89.397
09:59:22,89.175
09:59:23,88.909
09:59:24,88.63399999999999
09:59:25,88.32300000000001
09:59:26,87.973
09:59:27,87.685
09:59:28,87.397
09:59:29,87.095
09:59:30,86.828
09:59:31,86.639
09:59:32,86.438
09:59:33,86.128
09:59:34,85.797
09:59:35,85.50399999999999
09:59:36,85.245
09:59:37,85.00699999999999
09:59:38,84.747
09:59:39,84.502
09:59:40,84.25
09:59:41,84.00399999999999
09:59:42,83.776
09:59:43,83.556
09:59:44,83.304
09:59:45,83.058
09:59:46,82.812
09:59:47,82.588
09:59:48,82.377
09:59:49,82.28200000000001
09:59:50,82.286
09:59:51,82.296
09:59:52,82.31700000000001
09:59:53,82.353
09:59:54,82.37100000000001
09:59:55,82.39099999999999
09:59:56,82.464
09:59:57,82.553
09:59:58,82.68100000000001
09:59:59,82.809
10:00:00,82.957
10:00:01,83.128
10:00:02,83.314
10:00:03,83.548
10:00:04,83.777
10:00:05,84.01599999999999
10:00:06,84.257
10:00:07,84.537
10:00:08,84.845
10:00:09,85.125
10:00:10,85.326
10:00:11,85.559
10:00:12,85.795
10:00:13,86.036
10:00:14,86.25800000000001
10:00:15,86.455
10:00:16,86.658
10:00:17,86.86
10:00:18,87.014
10:00:19,87.161
10:00:20,87.262
10:00:21,87.378
10:00:22,87.501
10:00:23,87.62899999999999
10:00:24,87.78200000000001
10:00:25,88.005
10:00:26,88.268
10:00:27,88.512
10:00:28,88.744
10:00:29,89.009
10:00:30,89.28200000000001
10:00:31,89.503
10:00:32,89.714
10:00:33,90.05699999999999
10:00:34,90.413
10:00:35,90.74100000000001
10:00:36,91.076
10:00:37,91.387
10:00:38,91.715
10:00:39,92.05499999999999
10:00:40,92.416
10:00:41,92.771
10:00:42,93.126
10:00:43,93.466
10:00:44,93.81899999999999
10:00:45,94.178
10:00:46,94.514
10:00:47,94.816
10:00:48,95.13399999999999
10:00:49,95.33200000000001
10:00:50,95.438
10:00:51,95.529
10:00:52,95.613
10:00:53,95.78999999999999
10:00:54,95.976
10:00:55,96.137
10:00:56,96.273
10:00:57,96.442
10:00:58,96.58500000000001
10:00:59,96.757
10:01:00,96.925
10:01:01,97.102
10:01:02,97.261
10:01:03,97.35
10:01:04,97.47
10:01:05,97.567
10:01:06,97.671
10:01:07,97.763
10:01:08,97.864
10:01:09,97.928
10:01:10,98.071
10:01:11,98.196
10:01:12,98.326
10:01:13,98.483
10:01:14,98.655
10:01:15,98.782
10:01:16,98.92999999999999
10:01:17,99.032
10:01:18,99.126
10:01:19,99.194
10:01:20,99.327
10:01:21,99.461
10:01:22,99.592
10:01:23,99.739
10:01:24,99.92
10:01:25,100.045
10:01:26,100.036
10:01:27,99.991
10:01:28,99.964
10:01:29,99.921
10:01:30,99.852
10:01:31,99.739
10:01:32,99.615
10:01:33,99.397
10:01:34,99.18199999999999
10:01:35,99.025
10:01:36,98.846
10:01:37,98.684
10:01:38,98.57300000000001
10:01:39,98.463
10:01:40,98.365
10:01:41,98.279
10:01:42,98.184
10:01:43,98.126
10:01:44,98.06
10:01:45,98.01599999999999
10:01:46,98.029
10:01:47,97.99
10:01:48,97.94300000000001
10:01:49,98.003
10:01:50,98.11800000000001
10:01:51,98.286
10:01:52,98.40799999999999
10:01:53,98.43
10:01:54,98.44800000000001
10:01:55,98.484
10:01:56,98.506
10:01:57,98.501
10:01:58,98.48400000000001
10:01:59,98.48400000000001
10:02:00,98.46600000000001
10:02:01,98.449
10:02:02,98.447
10:02:03,98.518
10:02:04,98.559
10:02:05,98.601
10:02:06,98.669
10:02:07,98.752
10:02:08,98.801
10:02:09,98.867
10:02:10,98.829
10:02:11,98.784
10:02:12,98.733
10:02:13,98.65799999999999
10:02:14,98.576
10:02:15,98.54299999999999
10:02:16,98.514
10:02:17,98.51599999999999
10:02:18,98.511
10:02:19,98.499
10:02:20,98.424
10:02:21,98.399
10:02:22,98.367
10:02:23,98.314
10:02:24,98.22900000000001
10:02:25,98.16
10:02:26,98.148
10:02:27,98.175
10:02:28,98.225
10:02:29,98.292
10:02:30,98.35600000000001
10:02:31,98.417
10:02:32,98.482
10:02:33,98.602
10:02:34,98.761
10:02:35,98.881
10:02:36,98.99600000000001
10:02:37,99.137
10:02:38,99.223
10:02:39,99.274
10:02:40,99.315
10:02:41,99.34
10:02:42,99.313
10:02:43,99.199
10:02:44,99.182
10:02:45,99.125
10:02:46,99.059
10:02:47,99.037
10:02:48,99.01599999999999
10:02:49,98.896
10:02:50,98.689
10:02:51,98.421
10:02:52,98.16499999999999
10:02:53,97.91
10:02:54,97.678
10:02:55,97.483
10:02:56,97.336
10:02:57,97.201
10:02:58,97.07300000000001
10:02:59,96.926
10:03:00,96.791
10:03:01,96.63199999999999
10:03:02,96.478
10:03:03,96.433
10:03:04,96.364
10:03:05,96.273
10:03:06,96.171
10:03:07,96.061
10:03:08,95.947
10:03:09,95.902
10:03:10,95.952
10:03:11,96.001
10:03:12,96.054
10:03:13,96.168
10:03:14,96.3
10:03:15,96.412
10:03:16,96.517
10:03:17,96.636
10:03:18,96.775
10:03:19,96.866
10:03:20,96.984
10:03:21,97.025
10:03:22,97.059
10:03:23,97.068
10:03:24,97.065
10:03:25,97.032
10:03:26,97.005
10:03:27,96.983
10:03:28,96.92999999999999
10:03:29,96.857
10:03:30,96.834
10:03:31,96.838
10:03:32,96.856
10:03:33,96.852
10:03:34,96.826
10:03:35,96.809
10:03:36,96.79400000000001
10:03:37,96.744
10:03:38,96.71900000000001
10:03:39,96.71000000000001
10:03:40,96.66799999999999
10:03:41,96.626
10:03:42,96.668
10:03:43,96.813
10:03:44,96.862
10:03:45,96.918
10:03:46,96.979
10:03:47,97.049
10:03:48,97.128
10:03:49,97.22999999999999
10:03:50,97.357
10:03:51,97.54299999999999
10:03:52,97.729
10:03:53,97.933
10:03:54,98.126
10:03:55,98.291
10:03:56,98.434
10:03:57,98.509
10:03:58,98.575
10:03:59,98.61699999999999
10:04:00,98.67699999999999
10:04:01,98.731
10:04:02,98.795
10:04:03,98.74
10:04:04,98.69
10:04:05,98.673
10:04:06,98.66499999999999
10:04:07,98.671
10:04:08,98.705
10:04:09,98.70700000000001
10:04:10,98.715
10:04:11,98.704
10:04:12,98.7
10:04:13,98.622
10:04:14,98.601
10:04:15,98.619
10:04:16,98.619
10:04:17,98.602
10:04:18,98.579
10:04:19,98.60900000000001
10:04:20,98.62899999999999
10:04:21,98.676
10:04:22,98.74300000000001
10:04:23,98.809
10:04:24,98.902
10:04:25,99.037
10:04:26,99.18199999999999
10:04:27,99.32300000000001
10:04:28,99.535
10:04:29,99.697
10:04:30,99.72999999999999
10:04:31,99.90700000000001
10:04:32,100.025
10:04:33,100.17999999999999
10:04:34,100.336
10:04:35,100.498
10:04:36,100.635
10:04:37,100.796
10:04:38,100.938
10:04:39,101.06899999999999
10:04:40,101.217
10:04:41,101.348
10:04:42,101.45
10:04:43,101.494
10:04:44,101.547
10:04:45,101.636
10:04:46,101.707
10:04:47,101.77000000000001
10:04:48,101.824
10:04:49,101.861
10:04:50,101.87899999999999
10:04:51,101.862
10:04:52,101.861
10:04:53,101.865
10:04:54,101.779
10:04:55,101.66
10:04:56,101.476
10:04:57,101.36800000000001
10:04:58,101.288
10:04:59,101.241
10:05:00,101.212
10:05:01,101.23400000000001
10:05:02,101.258
10:05:03,101.276
10:05:04,101.285
10:05:05,101.326
10:05:06,101.35
10:05:07,101.356
10:05:08,101.363
10:05:09,101.352
10:05:10,101.34
10:05:11,101.329
10:05:12,101.28
10:05:13,101.244
10:05:14,101.111
10:05:15,100.96900000000001
10:05:16,100.835
10:05:17,100.714
10:05:18,100.593
10:05:19,100.454
10:05:20,100.361
10:05:21,100.286
10:05:22,100.286
10:05:23,100.30799999999999
10:05:24,100.296
10:05:25,100.234
10:05:26,100.196
10:05:27,100.157
10:05:28,100.10999999999999
10:05:29,100.12
10:05:30,100.207
10:05:31,100.15599999999999
10:05:32,100.19300000000001
10:05:33,100.235
10:05:34,100.274
10:05:35,100.309
10:05:36,100.285
10:05:37,100.23400000000001
10:05:38,100.176
10:05:39,100.113
10:05:40,100.053
10:05:41,100.02799999999999
10:05:42,100.01
10:05:43,99.991
10:05:44,99.98400000000001
10:05:45,99.959
10:05:46,99.94
10:05:47,99.935
10:05:48,99.93299999999999
10:05:49,99.91
10:05:50,99.89
10:05:51,99.887
10:05:52,99.944
10:05:53,99.973
10:05:54,100.068
10:05:55,100.19500000000001
10:05:56,100.35900000000001
10:05:57,100.534
10:05:58,100.741
10:05:59,100.916
10:06:00,101.068
10:06:01,101.157
10:06:02,101.24
10:06:03,101.27000000000001
10:06:04,101.338
10:06:05,101.367
10:06:06,101.37899999999999
10:06:07,101.413
10:06:08,101.432
10:06:09,101.45599999999999
10:06:10,101.491
10:06:11,101.52799999999999
10:06:12,101.604
10:06:13,101.679
10:06:14,101.78
10:06:15,101.876
10:06:16,101.985
10:06:17,102.03
10:06:18,102.072
10:06:19,102.147
10:06:20,102.173
10:06:21,102.179
10:06:22,102.113
10:06:23,102.036
10:06:24,101.929
10:06:25,101.853
10:06:26,101.747
10:06:27,101.614
10:06:28,101.405
10:06:29,101.188
10:06:30,100.99
10:06:31,100.82300000000001
10:06:32,100.535
10:06:33,100.271
10:06:34,100.031
10:06:35,99.774
10:06:36,99.714
10:06:37,99.683
10:06:38,99.663
10:06:39,99.648
10:06:40,99.64399999999999
10:06:41,99.603
10:06:42,99.554
10:06:43,99.511
10:06:44,99.45
10:06:45,99.338
10:06:46,99.219
10:06:47,99.104
10:06:48,99.02799999999999
10:06:49,98.952
10:06:50,98.725
10:06:51,98.495
10:06:52,98.18100000000001
10:06:53,97.90299999999999
10:06:54,97.62
10:06:55,97.39399999999999
10:06:56,97.14500000000001
10:06:57,96.876
10:06:58,96.593
10:06:59,96.315
10:07:00,96.009
10:07:01,95.775
10:07:02,95.54100000000001
10:07:03,95.39399999999999
10:07:04,95.237
10:07:05,95.083
10:07:06,95.098
10:07:07,95.014
10:07:08,94.833
10:07:09,94.783
10:07:10,94.737
10:07:11,94.702
10:07:12,94.535
10:07:13,94.349
10:07:14,94.148
10:07:15,93.946
10:07:16,93.705
10:07:17,93.514
10:07:18,93.34299999999999
10:07:19,93.14500000000001
10:07:20,92.957
10:07:21,92.756
10:07:22,92.561
10:07:23,92.334
10:07:24,92.138
10:07:25,91.982
10:07:26,91.828
10:07:27,91.729
10:07:28,91.652
10:07:29,91.562
10:07:30,91.47
10:07:31,91.361
10:07:32,91.345
10:07:33,91.315
10:07:34,91.261
10:07:35,91.25
10:07:36,91.039
10:07:37,90.791
10:07:38,90.534
10:07:39,90.273
10:07:40,90.179
10:07:41,90.10900000000001
10:07:42,89.904
10:07:43,89.90299999999999
10:07:44,89.749
10:07:45,89.747
10:07:46,89.726
10:07:47,89.69800000000001
10:07:48,89.636
10:07:49,89.588
10:07:50,89.69
10:07:51,89.863
10:07:52,90.058
10:07:53,90.25
10:07:54,90.416
10:07:55,90.518
10:07:56,90.642
10:07:57,90.748
10:07:58,90.834
10:07:59,90.932
10:08:00,90.998
10:08:01,91.00699999999999
10:08:02,90.998
10:08:03,90.97
10:08:04,91.02799999999999
10:08:05,91.09700000000001
10:08:06,90.99300000000001
10:08:07,90.983
10:08:08,91.03999999999999
10:08:09,90.962
10:08:10,90.84700000000001
10:08:11,90.787
10:08:12,90.851
10:08:13,90.992
10:08:14,91.119
10:08:15,91.25399999999999
10:08:16,91.372
10:08:17,91.482
10:08:18,91.582
10:08:19,91.632
10:08:20,91.682
10:08:21,91.768
10:08:22,91.848
10:08:23,91.96000000000001
10:08:24,92.10900000000001
10:08:25,92.211
10:08:26,92.299
10:08:27,92.348
10:08:28,92.396
10:08:29,92.453
10:08:30,92.514
10:08:31,92.553
10:08:32,92.537
10:08:33,92.607
10:08:34,92.62100000000001
10:08:35,92.62
10:08:36,92.713
10:08:37,92.804
10:08:38,92.92
10:08:39,93.039
10:08:40,92.982
10:08:41,92.934
10:08:42,93.013
10:08:43,92.88
10:08:44,92.9
10:08:45,92.826
10:08:46,92.779
10:08:47,92.699
10:08:48,92.615
10:08:49,92.507
10:08:50,92.42
10:08:51,92.23499999999999
10:08:52,92.068
10:08:53,91.906
10:08:54,91.801
10:08:55,91.702
10:08:56,91.614
10:08:57,91.53999999999999
10:08:58,91.475
10:08:59,91.412
10:09:00,91.39099999999999
10:09:01,91.426
10:09:02,91.468
10:09:03,91.498
10:09:04,91.447
10:09:05,91.378
10:09:06,91.368
10:09:07,91.373
10:09:08,91.407
10:09:09,91.444
10:09:10,91.502
10:09:11,91.527
10:09:12,91.564
10:09:13,91.56
10:09:14,91.536
10:09:15,91.49199999999999
10:09:16,91.478
10:09:17,91.454
10:09:18,91.45500000000001
10:09:19,91.54299999999999
10:09:20,91.66799999999999
10:09:21,91.768
10:09:22,91.94800000000001
10:09:23,92.171
10:09:24,92.377
10:09:25,92.596
10:09:26,92.889
10:09:27,93.214
10:09:28,93.492
10:09:29,93.768
10:09:30,94.049
10:09:31,94.341
10:09:32,94.697
10:09:33,94.963
10:09:34,95.268
10:09:35,95.559
10:09:36,95.86
10:09:37,96.186
10:09:38,96.426
10:09:39,96.64
10:09:40,96.855
10:09:41,97.05
10:09:42,97.241
10:09:43,97.452
10:09:44,97.659
10:09:45,97.85
10:09:46,98.035
10:09:47,98.247
10:09:48,98.425
10:09:49,98.634
10:09:50,98.85900000000001
10:09:51,99.155
10:09:52,99.404
10:09:53,99.607
10:09:54,99.799
10:09:55,99.978
10:09:56,100.163
10:09:57,100.349
10:09:58,100.515
10:09:59,100.667
10:10:00,100.799
10:10:01,100.877
10:10:02,100.966
10:10:03,101.07300000000001
10:10:04,101.194
10:10:05,101.346
10:10:06,101.455
10:10:07,101.465
10:10:08,101.535
10:10:09,101.473
10:10:10,101.411
10:10:11,101.309
10:10:12,101.192
10:10:13,101.059
10:10:14,100.978
10:10:15,100.901
10:10:16,100.825
10:10:17,100.786
10:10:18,100.739
10:10:19,100.591
10:10:20,100.37100000000001
10:10:21,100.15299999999999
10:10:22,99.843
10:10:23,99.461
10:10:24,99.07900000000001
10:10:25,98.732
10:10:26,98.316
10:10:27,97.913
10:10:28,97.546
10:10:29,97.188
10:10:30,96.828
10:10:31,96.494
10:10:32,96.166
10:10:33,95.702
10:10:34,95.226
10:10:35,94.764
10:10:36,94.297
10:10:37,93.805
10:10:38,93.377
10:10:39,93.066
10:10:40,92.763
10:10:41,92.488
10:10:42,92.275
10:10:43,92.045
10:10:44,91.83099999999999
10:10:45,91.612
10:10:46,91.372
10:10:47,91.103
10:10:48,90.862
10:10:49,90.61699999999999
10:10:50,90.34700000000001
10:10:51,90.02000000000001
10:10:52,89.727
10:10:53,89.449
10:10:54,89.167
10:10:55,88.89099999999999
10:10:56,88.611
10:10:57,88.31800000000001
10:10:58,88.041
10:10:59,87.761
10:11:00,87.497
10:11:01,87.258
10:11:02,86.991
10:11:03,86.716
10:11:04,86.42999999999999
10:11:05,86.131
10:11:06,85.822
10:11:07,85.575
10:11:08,85.27799999999999
10:11:09,85.12100000000001
10:11:10,84.94500000000001
10:11:11,84.787
10:11:12,84.65
10:11:13,84.535
10:11:14,84.439
10:11:15,84.34700000000001
10:11:16,84.271
10:11:17,84.181
10:11:18,84.063
10:11:19,84.015
10:11:20,83.973
10:11:21,83.888
10:11:22,83.904
10:11:23,84.086
10:11:24,84.25399999999999
10:11:25,84.22
10:11:26,84.174
10:11:27,84.091
10:11:28,84.048
10:11:29,83.99300000000001
10:11:30,84.032
10:11:31,84.013
10:11:32,83.99199999999999
10:11:33,84.026
10:11:34,84.069
10:11:35,84.124
10:11:36,84.161
10:11:37,84.184
10:11:38,84.193
10:11:39,84.088
10:11:40,83.959
10:11:41,83.80199999999999
10:11:42,83.578
10:11:43,83.364
10:11:44,83.112
10:11:45,82.865
10:11:46,82.625
10:11:47,82.41
10:11:48,82.2
10:11:49,81.97999999999999
10:11:50,81.761
10:11:51,81.546
10:11:52,81.429
10:11:53,81.342
10:11:54,81.25
10:11:55,81.151
10:11:56,81.059
10:11:57,80.994
10:11:58,80.96700000000001
10:11:59,80.947
10:12:00,80.95
10:12:01,80.958
10:12:02,80.982
10:12:03,81.017
10:12:04,81.046
10:12:05,81.075
10:12:06,81.135
10:12:07,81.205
10:12:08,81.255
10:12:09,81.31
10:12:10,81.39099999999999
10:12:11,81.438
10:12:12,81.45
10:12:13,81.458
10:12:14,81.42999999999999
10:12:15,81.396
10:12:16,81.36
10:12:17,81.303
10:12:18,81.25399999999999
10:12:19,81.166
10:12:20,81.101
10:12:21,81.048
10:12:22,80.926
10:12:23,80.666
10:12:24,80.446
10:12:25,80.408
10:12:26,80.396
10:12:27,80.37899999999999
10:12:28,80.33200000000001
10:12:29,80.277
10:12:30,80.135
10:12:31,80.033
10:12:32,79.913
10:12:33,79.866
10:12:34,79.82300000000001
10:12:35,79.765
10:12:36,79.691
10:12:37,79.72200000000001
10:12:38,79.745
10:12:39,79.759
10:12:40,79.816
10:12:41,79.881
10:12:42,80.03
10:12:43,80.184
10:12:44,80.385
10:12:45,80.577
10:12:46,80.771
10:12:47,80.963
10:12:48,81.217
10:12:49,81.466
10:12:50,81.687
10:12:51,81.89099999999999
10:12:52,82.01700000000001
10:12:53,82.111
10:12:54,82.227
10:12:55,82.349
10:12:56,82.466
10:12:57,82.576
10:12:58,82.66
10:12:59,82.702
10:13:00,82.745
10:13:01,82.764
10:13:02,82.784
10:13:03,82.797
10:13:04,82.806
10:13:05,82.78099999999999
10:13:06,82.74600000000001
10:13:07,82.711
10:13:08,82.71000000000001
10:13:09,82.686
10:13:10,82.632
10:13:11,82.65599999999999
10:13:12,82.702
10:13:13,82.747
10:13:14,82.788
10:13:15,82.869
10:13:16,82.92
10:13:17,82.997
10:13:18,83.123
10:13:19,83.28
10:13:20,83.449
10:13:21,83.655
10:13:22,83.843
10:13:23,84.036
10:13:24,84.209
10:13:25,84.378
10:13:26,84.54400000000001
10:13:27,84.704
10:13:28,84.874
10:13:29,85.049
10:13:30,85.237
10:13:31,85.385
10:13:32,85.532
10:13:33,85.652
10:13:34,85.75800000000001
10:13:35,85.828
10:13:36,85.926
10:13:37,85.929
10:13:38,86.001
10:13:39,86.112
10:13:40,86.21000000000001
10:13:41,86.299
10:13:42,86.33500000000001
10:13:43,86.352
10:13:44,86.35900000000001
10:13:45,86.365
10:13:46,86.405
10:13:47,86.455
10:13:48,86.438
10:13:49,86.422
10:13:50,86.44
10:13:51,86.466
10:13:52,86.489
10:13:53,86.56800000000001
10:13:54,86.613
10:13:55,86.65
10:13:56,86.65799999999999
10:13:57,86.654
10:13:58,86.60900000000001
10:13:59,86.574
10:14:00,86.553
10:14:01,86.54299999999999
10:14:02,86.54400000000001
10:14:03,86.546
10:14:04,86.55199999999999
10:14:05,86.586
10:14:06,86.623
10:14:07,86.674
10:14:08,86.71000000000001
10:14:09,86.76899999999999
10:14:10,86.803
10:14:11,86.814
10:14:12,86.80499999999999
10:14:13,86.765
10:14:14,86.752
10:14:15,86.69399999999999
10:14:16,86.667
10:14:17,86.603
10:14:18,86.49600000000001
10:14:19,86.386
10:14:20,86.276
10:14:21,86.14200000000001
10:14:22,86.033
10:14:23,85.894
10:14:24,85.779
10:14:25,85.678
10:14:26,85.559
10:14:27,85.457
10:14:28,85.31
10:14:29,85.174
10:14:30,85.037
10:14:31,84.928
10:14:32,84.829
10:14:33,84.755
10:14:34,84.725
10:14:35,84.748
10:14:36,84.799
10:14:37,84.91900000000001
10:14:38,84.994
10:14:39,85.06
10:14:40,85.14
10:14:41,85.289
10:14:42,85.394
10:14:43,85.517
10:14:44,85.619
10:14:45,85.712
10:14:46,85.768
10:14:47,85.82300000000001
10:14:48,85.88300000000001
10:14:49,85.95599999999999
10:14:50,86.01599999999999
10:14:51,86.084
10:14:52,86.10499999999999
10:14:53,86.09700000000001
10:14:54,86.03299999999999
10:14:55,85.98400000000001
10:14:56,85.963
10:14:57,85.94500000000001
10:14:58,85.932
10:14:59,85.951
10:15:00,85.95
10:15:01,85.933
10:15:02,85.913
10:15:03,85.887
10:15:04,85.83099999999999
10:15:05,85.78200000000001
10:15:06,85.73400000000001
10:15:07,85.672
10:15:08,85.63300000000001
10:15:09,85.64200000000001
10:15:10,85.665
10:15:11,85.684
10:15:12,85.708
10:15:13,85.774
10:15:14,85.808
10:15:15,85.873
10:15:16,85.925
10:15:17,86.026
10:15:18,86.14500000000001
10:15:19,86.237
10:15:20,86.329
10:15:21,86.424
10:15:22,86.515
10:15:23,86.63300000000001
10:15:24,86.725
10:15:25,86.798
10:15:26,86.888
10:15:27,86.965
10:15:28,87.06899999999999
10:15:29,87.168
10:15:30,87.262
10:15:31,87.362
10:15:32,87.465
10:15:33,87.562
10:15:34,87.765
10:15:35,87.90899999999999
10:15:36,87.999
10:15:37,88.058
10:15:38,88.127
10:15:39,88.204
10:15:40,88.263
10:15:41,88.285
10:15:42,88.33
10:15:43,88.37899999999999
10:15:44,88.433
10:15:45,88.479
10:15:46,88.536
10:15:47,88.586
10:15:48,88.63199999999999
10:15:49,88.68100000000001
10:15:50,88.743
10:15:51,88.795
10:15:52,88.85499999999999
10:15:53,88.892
10:15:54,88.99
10:15:55,89.079
10:15:56,89.125
10:15:57,89.19
10:15:58,89.283
10:15:59,89.34299999999999
10:16:00,89.39399999999999
10:16:01,89.44399999999999
10:16:02,89.518
10:16:03,89.584
10:16:04,89.67
10:16:05,89.748
10:16:06,89.832
10:16:07,89.885
10:16:08,89.918
10:16:09,89.861
10:16:10,89.93100000000001
10:16:11,89.962
10:16:12,90.04400000000001
10:16:13,90.051
10:16:14,90.07300000000001
10:16:15,90.08200000000001
10:16:16,90.157
10:16:17,90.252
10:16:18,90.34400000000001
10:16:19,90.409
10:16:20,90.467
10:16:21,90.527
10:16:22,90.563
10:16:23,90.548
10:16:24,90.522
10:16:25,90.49199999999999
10:16:26,90.464
10:16:27,90.479
10:16:28,90.52000000000001
10:16:29,90.563
10:16:30,90.565
10:16:31,90.565
10:16:32,90.521
10:16:33,90.529
10:16:34,90.413
10:16:35,90.326
10:16:36,90.276
10:16:37,90.2
10:16:38,90.098
10:16:39,89.985
10:16:40,89.868
10:16:41,89.747
10:16:42,89.64500000000001
10:16:43,89.539
10:16:44,89.437
10:16:45,89.376
10:16:46,89.299
10:16:47,89.225
10:16:48,89.158
10:16:49,89.134
10:16:50,89.12100000000001
10:16:51,89.128
10:16:52,89.138
10:16:53,89.149
10:16:54,89.178
10:16:55,89.226
10:16:56,89.315
10:16:57,89.375
10:16:58,89.438
10:16:59,89.519
10:17:00,89.62
10:17:01,89.74199999999999
10:17:02,89.885
10:17:03,90.05
10:17:04,90.251
10:17:05,90.44300000000001
10:17:06,90.637
10:17:07,90.855
10:17:08,91.069
10:17:09,91.296
10:17:10,91.414
10:17:11,91.576
10:17:12,91.67999999999999
10:17:13,91.795
10:17:14,91.894
10:17:15,91.994
10:17:16,92.036
10:17:17,92.046
10:17:18,92.059
10:17:19,92.107
10:17:20,92.172
10:17:21,92.235
10:17:22,92.299
10:17:23,92.375
10:17:24,92.40899999999999
10:17:25,92.441
10:17:26,92.459
10:17:27,92.435
10:17:28,92.41999999999999
10:17:29,92.41
10:17:30,92.517
10:17:31,92.64599999999999
10:17:32,92.801
10:17:33,92.90299999999999
10:17:34,93.06
10:17:35,93.207
10:17:36,93.325
10:17:37,93.44800000000001
10:17:38,93.55699999999999
10:17:39,93.667
10:17:40,93.779
10:17:41,93.866
10:17:42,93.926
10:17:43,93.977
10:17:44,94.022
10:17:45,94.05
10:17:46,94.08500000000001
10:17:47,94.087
10:17:48,94.059
10:17:49,93.99600000000001
10:17:50,93.93100000000001
10:17:51,93.866
10:17:52,93.81
10:17:53,93.77000000000001
10:17:54,93.71799999999999
10:17:55,93.648
10:17:56,93.546
10:17:57,93.453
10:17:58,93.338
10:17:59,93.247
10:18:00,93.146
10:18:01,93.047
10:18:02,92.904
10:18:03,92.832
10:18:04,92.741
10:18:05,92.64099999999999
10:18:06,92.52000000000001
10:18:07,92.395
10:18:08,92.345
10:18:09,92.333
10:18:10,92.268
10:18:11,92.19399999999999
10:18:12,92.16
10:18:13,92.16
10:18:14,92.187
10:18:15,92.21799999999999
10:18:16,92.245
10:18:17,92.281
10:18:18,92.36
10:18:19,92.44
10:18:20,92.506
10:18:21,92.55
10:18:22,92.574
10:18:23,92.673
10:18:24,92.792
10:18:25,92.94800000000001
10:18:26,93.155
10:18:27,93.377
10:18:28,93.58200000000001
10:18:29,93.772
10:18:30,93.87899999999999
10:18:31,93.952
10:18:32,94.044
10:18:33,94.104
10:18:34,94.13300000000001
10:18:35,94.171
10:18:36,94.23400000000001
10:18:37,94.36800000000001
10:18:38,94.541
10:18:39,94.699
10:18:40,94.83099999999999
10:18:41,94.967
10:18:42,95.142
10:18:43,95.308
10:18:44,95.49600000000001
10:18:45,95.68
10:18:46,95.85
10:18:47,96.04499999999999
10:18:48,96.28200000000001
10:18:49,96.435
10:18:50,96.589
10:18:51,96.714
10:18:52,96.859
10:18:53,96.99199999999999
10:18:54,97.136
10:18:55,97.273
10:18:56,97.441
10:18:57,97.587
10:18:58,97.744
10:18:59,97.889
10:19:00,98.076
10:19:01,98.22200000000001
10:19:02,98.377
10:19:03,98.509
10:19:04,98.702
10:19:05,98.929
10:19:06,99.173
10:19:07,99.405
10:19:08,99.548
10:19:09,99.701
10:19:10,99.877
10:19:11,100.03200000000001
10:19:12,100.14099999999999
10:19:13,100.217
10:19:14,100.216
10:19:15,100.188
10:19:16,100.132
10:19:17,100.05
10:19:18,99.913
10:19:19,99.784
10:19:20,99.641
10:19:21,99.57000000000001
10:19:22,99.541
10:19:23,99.443
10:19:24,99.40599999999999
10:19:25,99.33500000000001
10:19:26,99.22
10:19:27,99.059
10:19:28,98.87
10:19:29,98.708
10:19:30,98.556
10:19:31,98.409
10:19:32,98.226
10:19:33,98.082
10:19:34,97.923
10:19:35,97.775
10:19:36,97.613
10:19:37,97.398
10:19:38,97.149
10:19:39,96.831
10:19:40,96.54400000000001
10:19:41,96.251
10:19:42,95.931
10:19:43,95.578
10:19:44,95.19500000000001
10:19:45,94.839
10:19:46,94.473
10:19:47,94.112
10:19:48,93.767
10:19:49,93.49199999999999
10:19:50,93.21000000000001
10:19:51,92.95599999999999
10:19:52,92.681
10:19:53,92.393
10:19:54,92.103
10:19:55,91.83099999999999
10:19:56,91.588
10:19:57,91.376
10:19:58,91.143
10:19:59,90.908
10:20:00,90.651
10:20:01,90.413
10:20:02,90.131
10:20:03,89.779
10:20:04,89.39
10:20:05,88.995
10:20:06,88.611
10:20:07,88.271
10:20:08,87.94
10:20:09,87.595
10:20:10,87.30499999999999
10:20:11,87.01899999999999
10:20:12,86.741
10:20:13,86.494
10:20:14,86.338
10:20:15,86.21000000000001
10:20:16,86.104
10:20:17,86.024
10:20:18,85.94
10:20:19,85.877
10:20:20,85.821
10:20:21,85.715
10:20:22,85.55499999999999
10:20:23,85.459
10:20:24,85.33099999999999
10:20:25,85.17699999999999
10:20:26,85.03099999999999
10:20:27,84.93199999999999
10:20:28,84.864
10:20:29,84.765
10:20:30,84.65599999999999
10:20:31,84.55199999999999
10:20:32,84.485
10:20:33,84.422
10:20:34,84.387
10:20:35,84.25800000000001
10:20:36,84.118
10:20:37,83.949
10:20:38,83.803
10:20:39,83.72999999999999
10:20:40,83.649
10:20:41,83.583
10:20:42,83.535
10:20:43,83.51
10:20:44,83.498
10:20:45,83.449
10:20:46,83.535
10:20:47,83.655
10:20:48,83.74499999999999
10:20:49,83.84700000000001
10:20:50,83.946
10:20:51,84.049
10:20:52,84.176
10:20:53,84.321
10:20:54,84.452
10:20:55,84.584
10:20:56,84.66900000000001
10:20:57,84.749
10:20:58,84.84400000000001
10:20:59,84.937
10:21:00,84.998
10:21:01,85.076
10:21:02,85.194
10:21:03,85.44300000000001
10:21:04,85.662
10:21:05,85.886
10:21:06,86.076
10:21:07,86.249
10:21:08,86.394
10:21:09,86.53099999999999
10:21:10,86.66499999999999
10:21:11,86.76599999999999
10:21:12,86.888
10:21:13,87.11600000000001
10:21:14,87.356
10:21:15,87.606
10:21:16,87.865
10:21:17,88.086
10:21:18,88.308
10:21:19,88.511
10:21:20,88.72
10:21:21,88.947
10:21:22,89.221
10:21:23,89.45700000000001
10:21:24,89.69
10:21:25,89.944
10:21:26,90.197
10:21:27,90.426
10:21:28,90.652
10:21:29,90.89099999999999
10:21:30,91.227
10:21:31,91.544
10:21:32,91.836
10:21:33,92.098
10:21:34,92.316
10:21:35,92.611
10:21:36,92.898
10:21:37,93.202
10:21:38,93.49199999999999
10:21:39,93.795
10:21:40,94.096
10:21:41,94.409
10:21:42,94.715
10:21:43,95.03
10:21:44,95.346
10:21:45,95.68199999999999
10:21:46,95.895
10:21:47,96.09
10:21:48,96.275
10:21:49,96.46000000000001
10:21:50,96.662
10:21:51,96.843
10:21:52,97.02799999999999
10:21:53,97.19500000000001
10:21:54,97.393
10:21:55,97.577
10:21:56,97.763
10:21:57,97.91600000000001
10:21:58,98.056
10:21:59,98.195
10:22:00,98.349
10:22:01,98.506
10:22:02,98.644
10:22:03,98.65
10:22:04,98.704
10:22:05,98.728
10:22:06,98.767
10:22:07,98.819
10:22:08,98.89500000000001
10:22:09,98.92699999999999
10:22:10,98.961
10:22:11,99.056
10:22:12,99.194
10:22:13,99.19200000000001
10:22:14,99.14000000000001
10:22:15,99.047
10:22:16,98.949
10:22:17,98.852
10:22:18,98.74499999999999
10:22:19,98.647
10:22:20,98.534
10:22:21,98.416
10:22:22,98.377
10:22:23,98.33200000000001
10:22:24,98.319
10:22:25,98.306
10:22:26,98.324
10:22:27,98.306
10:22:28,98.328
10:22:29,98.333
10:22:30,98.247
10:22:31,98.17800000000001
10:22:32,98.124
10:22:33,98.16
10:22:34,98.219
10:22:35,98.275
10:22:36,98.362
10:22:37,98.454
10:22:38,98.56899999999999
10:22:39,98.679
10:22:40,98.838
10:22:41,98.973
10:22:42,99.12100000000001
10:22:43,99.225
10:22:44,99.331
10:22:45,99.441
10:22:46,99.535
10:22:47,99.592
10:22:48,99.62899999999999
10:22:49,99.672
10:22:50,99.676
10:22:51,99.638
10:22:52,99.624
10:22:53,99.613
10:22:54,99.586
10:22:55,99.543
10:22:56,99.526
10:22:57,99.51899999999999
10:22:58,99.50399999999999
10:22:59,99.489
10:23:00,99.529
10:23:01,99.56899999999999
10:23:02,99.63199999999999
10:23:03,99.702
10:23:04,99.72999999999999
10:23:05,99.785
10:23:06,99.83000000000001
10:23:07,99.874
10:23:08,99.909
10:23:09,99.99199999999999
10:23:10,100.072
10:23:11,100.128
10:23:12,100.133
10:23:13,100.157
10:23:14,100.2
10:23:15,100.223
10:23:16,100.22999999999999
10:23:17,100.24
10:23:18,100.28
10:23:19,100.315
10:23:20,100.321
10:23:21,100.322
10:23:22,100.263
10:23:23,100.19300000000001
10:23:24,100.106
10:23:25,100.02799999999999
10:23:26,99.861
10:23:27,99.721
10:23:28,99.54400000000001
10:23:29,99.372
10:23:30,99.196
10:23:31,99.10499999999999
10:23:32,99.00800000000001
10:23:33,98.857
10:23:34,98.678
10:23:35,98.494
10:23:36,98.30499999999999
10:23:37,98.136
10:23:38,97.99
10:23:39,97.85
10:23:40,97.67699999999999
10:23:41,97.538
10:23:42,97.39500000000001
10:23:43,97.35
10:23:44,97.253
10:23:45,97.143
10:23:46,97.1
10:23:47,97.062
10:23:48,97.034
10:23:49,96.968
10:23:50,96.94
10:23:51,96.93299999999999
10:23:52,96.92
10:23:53,96.917
10:23:54,96.934
10:23:55,96.95
10:23:56,96.973
10:23:57,97.05199999999999
10:23:58,97.124
10:23:59,97.2
10:24:00,97.215
10:24:01,97.202
10:24:02,97.176
10:24:03,97.148
10:24:04,97.112
10:24:05,97.05499999999999
10:24:06,96.986
10:24:07,96.897
10:24:08,96.82300000000001
10:24:09,96.749
10:24:10,96.68199999999999
10:24:11,96.65
10:24:12,96.624
10:24:13,96.566
10:24:14,96.503
10:24:15,96.489
10:24:16,96.512
10:24:17,96.529
10:24:18,96.521
10:24:19,96.526
10:24:20,96.581
10:24:21,96.636
10:24:22,96.654
10:24:23,96.712
10:24:24,96.799
10:24:25,96.917
10:24:26,97.096
10:24:27,97.269
10:24:28,97.40299999999999
10:24:29,97.505
10:24:30,97.74600000000001
10:24:31,97.966
10:24:32,98.18199999999999
10:24:33,98.401
10:24:34,98.583
10:24:35,98.795
10:24:36,98.845
10:24:37,98.84
10:24:38,98.763
10:24:39,98.704
10:24:40,98.672
10:24:41,98.609
10:24:42,98.593
10:24:43,98.549
10:24:44,98.547
10:24:45,98.56
10:24:46,98.514
10:24:47,98.501
10:24:48,98.494
10:24:49,98.503
10:24:50,98.524
10:24:51,98.542
10:24:52,98.541
10:24:53,98.494
10:24:54,98.454
10:24:55,98.409
10:24:56,98.337
10:24:57,98.231
10:24:58,98.193
10:24:59,98.181
10:25:00,98.161
10:25:01,98.184
10:25:02,98.22
10:25:03,98.28399999999999
10:25:04,98.369
10:25:05,98.466
10:25:06,98.643
10:25:07,98.838
10:25:08,99.065
10:25:09,99.287
10:25:10,99.337
10:25:11,99.36600000000001
10:25:12,99.369
10:25:13,99.408
10:25:14,99.45599999999999
10:25:15,99.476
10:25:16,99.475
10:25:17,99.505
10:25:18,99.58500000000001
10:25:19,99.707
10:25:20,99.80199999999999
10:25:21,99.89500000000001
10:25:22,100.021
10:25:23,100.10900000000001
10:25:24,100.135
10:25:25,100.114
10:25:26,100.09299999999999
10:25:27,100.036
10:25:28,100.174
10:25:29,100.33500000000001
10:25:30,100.327
10:25:31,100.247
10:25:32,100.19200000000001
10:25:33,100.127
10:25:34,100.13
10:25:35,100.063
10:25:36,100.146
10:25:37,100.271
10:25:38,100.422
10:25:39,100.578
10:25:40,100.624
10:25:41,100.67
10:25:42,100.679
10:25:43,100.53999999999999
10:25:44,100.42
10:25:45,100.28999999999999
10:25:46,100.158
10:25:47,100.05199999999999
10:25:48,99.985
10:25:49,99.90700000000001
10:25:50,99.813
10:25:51,99.782
10:25:52,99.758
10:25:53,99.76
10:25:54,99.75
10:25:55,99.77000000000001
10:25:56,99.803
10:25:57,99.854
10:25:58,99.852
10:25:59,99.876
10:26:00,99.914
10:26:01,99.937
10:26:02,99.928
10:26:03,99.882
10:26:04,99.849
10:26:05,99.822
10:26:06,99.71799999999999
10:26:07,99.59700000000001
10:26:08,99.44200000000001
10:26:09,99.279
10:26:10,99.26
10:26:11,99.23100000000001
10:26:12,99.228
10:26:13,99.226
10:26:14,99.239
10:26:15,99.289
10:26:16,99.326
10:26:17,99.338
10:26:18,99.30699999999999
10:26:19,99.223
10:26:20,99.149
10:26:21,99.08
10:26:22,98.986
10:26:23,98.876
10:26:24,98.81
10:26:25,98.774
10:26:26,98.72999999999999
10:26:27,98.73100000000001
10:26:28,98.584
10:26:29,98.444
10:26:30,98.34
10:26:31,98.202
10:26:32,98.072
10:26:33,97.947
10:26:34,97.793
10:26:35,97.69
10:26:36,97.574
10:26:37,97.421
10:26:38,97.276
10:26:39,97.139
10:26:40,97.06700000000001
10:26:41,97.009
10:26:42,96.91900000000001
10:26:43,96.95
10:26:44,96.97
10:26:45,96.987
10:26:46,97.007
10:26:47,96.99199999999999
10:26:48,96.911
10:26:49,96.833
10:26:50,96.76700000000001
10:26:51,96.654
10:26:52,96.557
10:26:53,96.46000000000001
10:26:54,96.34200000000001
10:26:55,96.202
10:26:56,96.075
10:26:57,95.982
10:26:58,95.883
10:26:59,95.731
10:27:00,95.569
10:27:01,95.425
10:27:02,95.247
10:27:03,95.084
10:27:04,94.87100000000001
10:27:05,94.65299999999999
10:27:06,94.444
10:27:07,94.248
10:27:08,94.064
10:27:09,93.876
10:27:10,93.69500000000001
10:27:11,93.55499999999999
10:27:12,93.399
10:27:13,93.25
10:27:14,93.08500000000001
10:27:15,92.91
10:27:16,92.737
10:27:17,92.56
10:27:18,92.388
10:27:19,92.202
10:27:20,92.053
10:27:21,91.897
10:27:22,91.68299999999999
10:27:23,91.52
10:27:24,91.319
10:27:25,91.184
10:27:26,91.027
10:27:27,90.889
10:27:28,90.693
10:27:29,90.512
10:27:30,90.337
10:27:31,90.262
10:27:32,90.181
10:27:33,90.099
10:27:34,90.022
10:27:35,89.94
10:27:36,89.865
10:27:37,89.81
10:27:38,89.741
10:27:39,89.649
10:27:40,89.577
10:27:41,89.451
10:27:42,89.37899999999999
10:27:43,89.267
10:27:44,89.137
10:27:45,89.029
10:27:46,88.936
10:27:47,88.89500000000001
10:27:48,88.88300000000001
10:27:49,88.899
10:27:50,88.924
10:27:51,88.97
10:27:52,88.976
10:27:53,89.0
10:27:54,89.05499999999999
10:27:55,89.14500000000001
10:27:56,89.213
10:27:57,89.228
10:27:58,89.272
10:27:59,89.336
10:28:00,89.40299999999999
10:28:01,89.431
10:28:02,89.506
10:28:03,89.561
10:28:04,89.57000000000001
10:28:05,89.549
10:28:06,89.539
10:28:07,89.524
10:28:08,89.511
10:28:09,89.51599999999999
10:28:10,89.499
10:28:11,89.485
10:28:12,89.477
10:28:13,89.433
10:28:14,89.399
10:28:15,89.361
10:28:16,89.414
10:28:17,89.473
10:28:18,89.535
10:28:19,89.64099999999999
10:28:20,89.716
10:28:21,89.785
10:28:22,89.916
10:28:23,90.013
10:28:24,90.124
10:28:25,90.16
10:28:26,90.223
10:28:27,90.25
10:28:28,90.27000000000001
10:28:29,90.30199999999999
10:28:30,90.374
10:28:31,90.414
10:28:32,90.44
10:28:33,90.46000000000001
10:28:34,90.478
10:28:35,90.507
10:28:36,90.498
10:28:37,90.494
10:28:38,90.458
10:28:39,90.426
10:28:40,90.327
10:28:41,90.221
10:28:42,90.074
10:28:43,89.989
10:28:44,89.914
10:28:45,89.841
10:28:46,89.77799999999999
10:28:47,89.66900000000001
10:28:48,89.566
10:28:49,89.476
10:28:50,89.431
10:28:51,89.357
10:28:52,89.31
10:28:53,89.24
10:28:54,89.14500000000001
10:28:55,89.023
10:28:56,88.943
10:28:57,88.882
10:28:58,88.824
10:28:59,88.748
10:29:00,88.673
10:29:01,88.598
10:29:02,88.512
10:29:03,88.384
10:29:04,88.41499999999999
10:29:05,88.466
10:29:06,88.502
10:29:07,88.574
10:29:08,88.646
10:29:09,88.729
10:29:10,88.813
10:29:11,88.892
10:29:12,89.007
10:29:13,89.187
10:29:14,89.329
10:29:15,89.469
10:29:16,89.526
10:29:17,89.611
10:29:18,89.716
10:29:19,89.804
10:29:20,89.885
10:29:21,89.983
10:29:22,90.099
10:29:23,90.163
10:29:24,90.214
10:29:25,90.276
10:29:26,90.30499999999999
10:29:27,90.373
10:29:28,90.512
10:29:29,90.658
10:29:30,90.753
10:29:31,90.81800000000001
10:29:32,90.861
10:29:33,90.921
10:29:34,91.034
10:29:35,91.108
10:29:36,91.22999999999999
10:29:37,91.354
10:29:38,91.494
10:29:39,91.613
10:29:40,91.784
10:29:41,92.037
10:29:42,92.28200000000001
10:29:43,92.489
10:29:44,92.635
10:29:45,92.893
10:29:46,93.184
10:29:47,93.477
10:29:48,93.792
10:29:49,94.06899999999999
10:29:50,94.299
10:29:51,94.538
10:29:52,94.786
10:29:53,95.047
10:29:54,95.329
10:29:55,95.619
10:29:56,95.866
10:29:57,96.059
10:29:58,96.22
10:29:59,96.36
10:30:00,96.487
